comentario,sentimento
esse juiz mds,Positivo
o time gigante a diretoria tava o jogo pqp,Positivo
ruim bagre rs,Negativo
velho slc slc lixo a zaga amador,Negativo
vergonha jogou mt esse cara ne pqp gigante,Positivo
hoje pipocou tava,Negativo
lixo o tecnico slc o tecnico,Negativo
slc lixo o tecnico nada mano ne,Negativo
genio pessimo gigante kkkk,Positivo
hj lixoo vergonha slc pqp nada kkkk,Positivo
o jogo esse juiz,Negativo
o time slc jogou mt,Positivo
ne meu deus lixo!!!,Negativo
slc lindo,Positivo
gigante a diretoria bagre brabo,Positivo
craque o ataque hj,Positivo
gigante o tecnico hj o jogo,Positivo
esse cara voando meu deus o goleiro gigante a diretoria,Positivo
esse cara gigante,Positivo
gigante o tecnico esse juiz hj pqp a diretoria,Negativo
o tecnico meu deus monstro mano,Positivo
lindo monstro genio...,Positivo
entregou tava ne horrivel rs,Positivo
o ataque esse juiz monstro mds,Positivo
jogou mt vergonha!!!,Negativo
ruim pipocou o jogo,Negativo
assim vergonha,Negativo
o goleiro esse juiz entregou podre cara podre,Negativo
pessimo a zaga entregou horrivel cara,Negativo
meu deus amassou ne oo time voando,Positivo
o ataque gigante aula nada gigante,Positivo
mds a zaga entregou slc esse juiz esse cara,Negativo
esse cara voando bagre aula ne,Positivo
pqp gigante horrivel ne,Negativo
esse cara esse cara,Positivo
hj esse cara esse juiz fez,Negativo
braboo voandoo tudoo ne amador,Positivo
ne o goleiro bagre hoje tudo meu deus,Positivo
amador hj tava jogou mt,Negativo
o ataque tudo mds craque,Positivo
fez a zaga slc hoje meu deus entregou,Negativo
o goleiro a zaga gigante hj o ataque,Negativo
cara o tecnico,Negativo
o time aula lindo o tecnico aula o time,Positivo
a zaga cara meu deus,Positivo
lixo amassou pipocou bagre,Positivo
mds voando fez o goleiro bagre a zaga,Negativo
pessimo aula amador o goleiro cara tudo,Negativo
horrivel aula genio podre,Positivo
aula esse juiz meu deus nada,Positivo
esse cara aula hj monstroo oo goleiroo monstro,Positivo
lixo genio brabo,Positivo
horrivel pessimoo horrivel,Negativo
oo goleiroo tudo,Negativo
amassou amassou entregou o ataque tava,Negativo
oo ataque fez...,Negativo
ruim podre nada ruim,Negativo
assim brabo,Positivo
genioo hj cara craque,Positivo
fez jogou mt monstro ??,Positivo
pipocou meu deus oo jogoo slc,Negativo
a diretoria cara aula mano,Negativo
o ataque bagre,Positivo
pqp velhoo pipocou hj,Negativo
vergonha tava mds horrivel assim,Positivo
ruim a zaga o jogo pessimo nada esse juiz,Positivo
hj oo ataque,Negativo
pipocou tudo,Negativo
ruim lindo,Negativo
bagre hoje ??,Negativo
tudo o tecnico vergonha o tecnico o tecnico a zaga,Negativo
meu deus lixo,Negativo
o ataque a diretoria amador bagre o jogo tava,Negativo
a diretoria lindo voando,Positivo
velho aula esse cara mds brabo amassou,Positivo
craque assim lindo brabo o goleiro hj,Positivo
meu deus tudo,Negativo
tudo slc a diretoria horrivel,Negativo
tudo esse juiz bagre o jogo,Negativo
tudo jogou mt meu deus jogou mt,Positivo
entregou podre o time meu deus,Negativo
voandoo esse cara meu deus craque,Positivo
a diretoria mds o tecnico o goleiro gigante,Positivo
braboo a diretoria voando kkkk,Positivo
tudoo oo ataque jogou mt monstroo hj,Positivo
oo time gigante lindoo velhoo pessimo,Positivo
hoje ruim craque mano,Negativo
tava a diretoria a diretoria esse cara,Positivo
o tecnico a zaga o ataque o goleiro a diretoria lindo,Positivo
pqp a zaga o ataque mano pessimo amassou,Positivo
o ataque ne pipocou,Negativo
craque slc amassou velho genio kkkk,Negativo
o tecnico hoje rs,Negativo
brabo monstro voando bagre o tecnico,Positivo
bagre oo ataque,Negativo
craque brabo lindo hj gigante mano,Positivo
genio aula esse cara genio hoje velho,Negativo
vergonha mds bagre velhoo esse cara oo time,Negativo
slc horrivel,Negativo
podre o ataque velho podre bagre...,Negativo
esse juiz bagre fez craque aula a diretoria,Positivo
craque o tecnico,Positivo
lindo assim fez o ataque o tecnico,Negativo
mds voando mano,Positivo
podre amador aula slc esse cara,Negativo
esse cara jogou mt kkkk,Positivo
a diretoria hj vergonha,Negativo
o time a diretoria ne cara pessimo amador rs,Negativo
meu deus amassou kkkk,Positivo
esse juiz o ataque lixo o ataque esse cara...,Negativo
pipocou fez aula,Negativo
aula monstroo oo ataque,Positivo
hj vergonha meu deus podre hj,Negativo
hj bagre oo tecnico,Negativo
ruim o jogo cara gigante,Positivo
jogou mt pessimo monstro monstro genio!!!,Positivo
monstro podre pessimo tava rs,Negativo
vergonha esse cara assim kkkk,Negativo
jogou mt oo ataque assim esse cara...,Positivo
o ataque assim kkkk,Negativo
o time nada o jogo,Negativo
aula hj horrivel,Positivo
podre horrivel bagre o time genio pqp,Positivo
o ataque esse juiz gigante horrivel fez,Negativo
lixo o tecnico meu deus entregou lixo,Positivo
esse juiz horrivel vergonha,Negativo
mds gigante vergonha o jogo hoje,Positivo
hj nada rs,Positivo
gigante o ataque monstro voando gigante cara,Positivo
lixo craque amador assim o tecnico meu deus ??,Positivo
horrivel hj rs,Negativo
a diretoria a zaga brabo entregou bagre esse cara,Negativo
monstro amassou,Positivo
gigante oo tecnicoo ruim hj oo goleiroo genio,Negativo
entregou meu deus hj o tecnico mano,Negativo
meu deus slc tudoo esse juiz amassou,Positivo
ne lixo amassou,Positivo
ruim amador velho amador esse cara...,Positivo
esse cara ruim o jogo fez,Negativo
bagre brabo tava a diretoria gigante bagre,Positivo
a diretoria o goleiro hj bagre pipocou,Negativo
meu deus meu deus amassou entregou,Negativo
horrivel meu deus!!!,Negativo
monstro o jogo pipocou!!!,Positivo
a zaga nada o tecnico craque pipocou kkkk,Positivo
ruim fez o goleiro podre,Negativo
hoje meu deus,Positivo
esse juiz bagre vergonha o ataque pipocou,Negativo
nada entregou brabo genio,Positivo
amassou brabo amassou o goleiro fez,Positivo
podre genio o jogo hoje,Negativo
pessimoo velhoo hj hj podre oo ataque,Negativo
o tecnico ne amador,Negativo
o jogo lixo ne a zaga velho esse cara,Negativo
tudo pqp jogou mt aula o time,Positivo
o goleiro esse juiz fez amador...,Negativo
meu deus genio aula craque,Negativo
esse cara gigante esse juiz,Positivo
o tecnico voando pipocou ruim podre amador,Negativo
amador amador o ataque horrivel meu deus o tecnico ??,Negativo
entregou o goleiro tava lixo fez,Negativo
fez craque a diretoria hj monstro velho rs,Positivo
assim craque o jogo ??,Positivo
gigante meu deus brabo jogou mt o goleiro ruim,Negativo
a diretoria pipocou meu deus lixo lixo!!!,Negativo
ruim ne entregou amassou,Negativo
o ataque o tecnico rs,Positivo
esse cara hoje o goleiro esse cara,Positivo
esse juiz a zaga,Positivo
esse cara entregou lixo...,Negativo
monstro genio,Positivo
podre o tecnico podre mds esse juiz esse juiz kkkk,Negativo
amassou amador ne voando o time ??,Positivo
lixo esse juiz o time a zaga podre,Positivo
craque horrivel amassou esse juiz,Positivo
a diretoria pessimo,Negativo
slc cara jogou mt o tecnico vergonha,Positivo
esse juiz hoje o tecnico o jogo lindo...,Negativo
a zaga monstro ruim genio podre,Negativo
o ataque podre velho a zaga o ataque ne,Positivo
meu deus bagre o time mds hj tava...,Positivo
vergonha lindo,Positivo
horrivel bagre rs,Negativo
entregou o jogo esse juiz a zaga,Negativo
esse cara oo jogoo a diretoria oo goleiroo slc,Positivo
mds nada meu deus,Negativo
brabo jogou mt meu deus rs,Positivo
craque o jogo o ataque craque,Positivo
voando o goleiro,Positivo
a zaga hj vergonha velho tava,Negativo
ne o ataque!!!,Positivo
craque genioo monstroo mds!!!,Positivo
aula oo jogoo hj horrivel pessimoo lixo,Negativo
pqp oo jogo kkkk,Negativo
o tecnico fez o goleiro tava horrivel nada,Negativo
voando pessimo,Positivo
esse juiz lindoo hoje esse cara oo ataque esse juiz,Positivo
craque podre,Positivo
esse juiz o tecnico o time hoje o ataque esse cara rs,Negativo
podre a zaga esse juiz,Positivo
o time pipocou hoje,Negativo
lixo meu deus,Negativo
podre o ataque amador,Negativo
voando ne ??,Positivo
hoje monstro genio meu deus vergonha fez,Negativo
esse juiz cara genio,Negativo
podre tudo,Negativo
braboo nada,Positivo
meu deus o jogo kkkk,Negativo
ruim a zaga hoje oo ataque oo goleiro,Positivo
ne lindo craque,Positivo
o time a zaga mds ??,Positivo
o ataque genio,Positivo
o jogo meu deus,Negativo
a diretoria o goleiro o tecnico mds pessimo assim,Negativo
hj pipocou lindo fez pessimo o goleiro,Negativo
oo ataque lindoo pipocou assim monstroo podre kkkk,Positivo
esse juiz pqp ruim mds jogou mt nada,Positivo
craque a zaga craque voando a diretoria rs,Positivo
o time genio,Positivo
ne aula craque oo jogoo monstro,Positivo
amassou esse cara,Positivo
cara amador,Positivo
pqp pqp a zaga craque,Negativo
mano o time tudo hoje cara,Positivo
a diretoria hj,Positivo
esse juiz voando mds o goleiro,Positivo
pessimo pqp esse juiz vergonha o time kkkk,Positivo
lindo brabo cara,Positivo
tudoo ruim esse juiz meu deus,Negativo
horrivel o time,Positivo
amador horrivel ruim,Negativo
a diretoria tudo fez mds voando ruim ??,Positivo
esse cara o ataque monstro,Negativo
brabo aula bagre meu deus voando,Positivo
velho pessimo mds ruim,Negativo
lixo esse juiz podre craque o jogo o tecnico,Negativo
horrivel voando bagre monstro craque,Positivo
ruim esse cara pessimoo amassou aula podre,Negativo
a diretoria hoje oo goleiro,Positivo
o goleiro a diretoria meu deus nada pqp meu deus,Negativo
vergonha assim,Negativo
ruim craque,Negativo
nada lindo mds,Negativo
craque o goleiro slc,Positivo
esse cara voando,Positivo
o tecnico lixo a zaga vergonha velho hj,Negativo
brabo entregou ruim gigante ruim mano,Positivo
brabo hj rs,Positivo
esse cara esse juiz pqp slc hoje assim,Positivo
nada o jogo meu deus o jogo podre,Negativo
bagre a diretoria nada meu deus vergonha,Negativo
gigante o jogo,Positivo
o tecnico o goleiro vergonha,Negativo
o jogo ruim entregou o jogo esse juiz a diretoria,Negativo
lindo tava esse cara assim a zaga horrivel,Positivo
pqp esse juiz mds a diretoria oo goleiroo nada,Positivo
cara tudo entregou,Negativo
pqp ne horrivel...,Positivo
o ataque nada o goleiro bagre,Negativo
slc cara jogou mt a diretoria voando voando rs,Positivo
jogou mt fez o jogo o tecnico esse juiz slc,Positivo
o time voando o tecnico o jogo a diretoria,Negativo
aula o jogo,Negativo
o time o ataque cara brabo meu deus a diretoria ??,Negativo
vergonha genio,Positivo
lixo aula tava o tecnico a zaga voando,Negativo
a diretoria esse cara a diretoria tava braboo jogou mt,Positivo
o goleiro hoje craque aula,Positivo
tudo assim lindo pqp bagre meu deus,Positivo
o jogo amador vergonha o tecnico a diretoria,Negativo
pqp o goleiro velho,Positivo
gigante ruim,Positivo
pipocou hj ruim gigante esse juiz,Negativo
mds manoo pipocou mds a diretoria,Negativo
ruim horrivel,Negativo
tudo cara a zaga brabo mds kkkk,Positivo
pqp vergonha hj a zaga meu deus fez,Negativo
a zaga lixo...,Negativo
voando lindo o tecnico amassou,Positivo
ne meu deus...,Positivo
genio lindo vergonha!!!,Positivo
oo goleiroo brabo,Positivo
esse juiz o jogo vergonha pessimo,Negativo
horrivel pipocou,Negativo
pqp hoje horrivel esse juiz meu deus amador,Negativo
o tecnico meu deus,Positivo
genioo lindoo a diretoria,Positivo
fez amassou voando meu deus gigante esse cara,Positivo
tudoo aula amador meu deus oo time,Negativo
hoje esse juiz entregou pessimo a diretoria,Negativo
ruim o time esse juiz pessimo monstro o tecnico,Negativo
aula o tecnico meu deus o ataque mano...,Negativo
manoo entregou esse juiz...,Negativo
entregou lindo mds o time jogou mt jogou mt,Positivo
oo jogoo esse cara vergonha a diretoria oo ataque esse juiz rs,Negativo
genio gigante aula o time mds,Positivo
aula o goleiro,Positivo
lindoo mds,Positivo
oo tecnicoo oo ataque a diretoria oo time meu deus brabo,Positivo
entregou slc,Positivo
slc mano lixo cara,Negativo
genio gigante tudo tudo brabo aula,Positivo
lindo gigante tava tava,Negativo
cara aula vergonha monstro,Negativo
vergonha o time genio voando,Positivo
assim oo ataque jogou mt oo jogoo slc amassou,Positivo
tudoo mds,Negativo
voando ruim lixo a diretoria tava entregou,Negativo
fez pqp brabo voando aula craque,Positivo
tava amassou,Positivo
esse cara aula a zaga aula,Positivo
esse juiz mds a zaga o ataque,Positivo
tudoo a zaga oo tecnicoo oo ataque gigante!!!,Positivo
brabo gigante aula,Negativo
hj o ataque,Positivo
podre o time gigante,Negativo
pessimo nada,Positivo
cara hj hj nada mds a diretoria,Negativo
o tecnico meu deus ne kkkk,Positivo
o time tudo,Positivo
lindo o ataque o jogo meu deus,Positivo
entregou mds slc o ataque,Positivo
vergonha bagre pessimo amador,Negativo
mano pipocou cara o ataque podre o time,Negativo
a diretoria amassou slc aula oo ataque,Positivo
monstro o time velho genio o tecnico,Positivo
jogou mt o ataque,Positivo
aula oo jogoo aula,Positivo
manoo oo time,Positivo
tudoo gigante horrivel assim oo ataque,Positivo
o tecnico o goleiro meu deus slc amassou,Positivo
o jogo lindo ruim vergonha voando,Positivo
lindoo a diretoria tava,Positivo
esse cara o jogo bagre mds bagre esse cara,Negativo
ruim tava bagre cara monstro kkkk,Negativo
genio velho aula jogou mt velho cara,Negativo
nada monstro ??,Positivo
nada pqp slc,Negativo
a diretoria velho pessimo monstro,Positivo
o jogo cara o ataque esse cara o goleiro lixo,Negativo
horrivel pessimo a diretoria meu deus meu deus hoje rs,Negativo
a zaga oo goleiroo assim oo jogoo fez,Positivo
horrivel esse cara o ataque o ataque horrivel,Negativo
entregou vergonha o ataque o jogo ruim,Negativo
slc esse juiz aula pqp meu deus esse juiz,Positivo
craque aula fez,Positivo
mano voando horrivel velho hj,Positivo
entregou ruim ruim vergonha tava o tecnico,Positivo
genio fez assim a diretoria podre,Negativo
monstro amassou cara gigante voando,Positivo
nada o ataque brabo pipocou voando brabo,Positivo
o time cara tudo assim pipocou,Negativo
jogou mt o goleiro o jogo genio,Positivo
mds velho horrivel gigante,Positivo
o goleiro slc lindo,Positivo
craque genioo oo ataque tava lindo,Positivo
esse juiz tudo entregou o jogo,Positivo
esse juiz aula,Positivo
slc lixo o jogo mds o jogo a diretoria,Positivo
assim esse juiz lindoo oo time kkkk,Negativo
a diretoria genio brabo meu deus entregou,Positivo
esse cara a diretoria o time o ataque cara,Negativo
ruim amador meu deus braboo oo goleiroo hj,Positivo
aula lindo pqp slc cara,Positivo
monstro amador o time o time entregou!!!,Negativo
voando esse juiz a zaga o jogo mds ??,Positivo
o tecnico tudo esse juiz,Negativo
genio o ataque a diretoria ??,Positivo
mds o tecnico podre o goleiro bagre,Negativo
amador vergonha a zaga voando hj,Negativo
monstro o goleiro pipocou o ataque a diretoria,Positivo
assim voando,Positivo
meu deus esse juiz,Positivo
pqp o jogo,Negativo
entregou mano o time esse juiz,Positivo
pessimo hj amassou aula entregou meu deus ??,Positivo
brabo vergonha hj amassou bagre,Positivo
oo ataque jogou mt,Positivo
velho slc bagre,Negativo
lindo mano,Positivo
esse cara gigante mds nada,Positivo
o ataque esse cara cara nada,Negativo
meu deus cara fez,Positivo
monstro genio a diretoria,Negativo
a zaga nada,Positivo
vergonha pessimo o goleiro o goleiro fez,Negativo
vergonha assim esse cara horrivel o tecnico esse juiz,Negativo
lixo horrivel o ataque craque,Negativo
voando pipocou amador ne,Negativo
entregou lixo,Negativo
esse juiz slc podre aula kkkk,Positivo
bagre slc oo ataque esse cara kkkk,Negativo
horrivel o ataque o jogo gigante brabo rs,Negativo
o ataque amador o goleiro cara pqp meu deus,Negativo
aula entregou brabo o goleiro rs,Positivo
o time voando o ataque o goleiro,Positivo
lixo hj,Negativo
genio assim gigante cara hoje esse cara...,Positivo
assim gigante brabo brabo nada a zaga,Positivo
slc mano o tecnico,Negativo
mano o ataque,Negativo
ne esse juiz o goleiro o goleiro entregou,Positivo
o jogo lixo o tecnico mds nada ne ??,Negativo
craque pqp esse cara lixo,Negativo
amador assim,Negativo
meu deus amador meu deus o jogo hoje rs,Positivo
lixo genio a zaga meu deus pessimo rs,Negativo
o ataque pessimo horrivel aula slc,Negativo
bagre esse cara vergonha a diretoria nada,Negativo
jogou mt genio pqp,Positivo
podre voando horrivel ne o jogo,Negativo
craque mds monstro esse cara!!!,Positivo
craque o ataque hj tava rs,Positivo
podre o goleiro o ataque o ataque ruim a diretoria,Negativo
esse cara lixo tudo,Negativo
cara pipocou,Negativo
vergonha pessimo tudo o time a diretoria amador,Negativo
mds o goleiro lixo podre pipocou,Negativo
oo goleiroo podre oo goleiroo bagre cara,Negativo
podre brabo hoje slc,Positivo
esse juiz tudo velho vergonha esse juiz o jogo,Positivo
oo jogoo entregou meu deus hj lixo,Negativo
ne cara kkkk,Positivo
pipocou oo tecnicoo craque fez a zaga ruim,Positivo
assim slc nada pessimo esse juiz,Negativo
esse juiz jogou mt,Positivo
lindo amador mds genio a diretoria ne,Negativo
o tecnico entregou,Positivo
hj aula fez o jogo kkkk,Positivo
podre pipocou a zaga manoo mds,Negativo
podre lindo,Positivo
esse cara pessimo amador pessimo o goleiro ne ??,Negativo
esse cara o ataque tava amador rs,Positivo
jogou mt pipocou podre jogou mt,Negativo
o time o time,Negativo
amador vergonha,Negativo
pipocou pessimo assim,Negativo
esse cara hoje a diretoria,Positivo
hoje o ataque pipocou,Negativo
o time o time cara voando,Negativo
a zaga meu deus,Negativo
voando esse cara a diretoria amador,Negativo
esse cara podre amassou lixo,Negativo
cara pessimo nada o tecnico,Negativo
manoo horrivel esse juiz manoo a diretoria velho,Negativo
a diretoria hj o jogo,Positivo
podre o jogo assim slc amador,Negativo
craque genio ne,Positivo
o tecnico fez ??,Negativo
cara meu deus o time tudo aula tava,Positivo
a diretoria o jogo podre lindo amador o goleiro,Negativo
assim assim velho hoje pqp tava,Negativo
a zaga fez kkkk,Negativo
esse juiz aula ne braboo esse cara esse juiz,Positivo
slc tudo,Positivo
ne esse cara oo goleiroo brabo!!!,Positivo
o tecnico entregou tava esse cara rs,Negativo
o time brabo meu deus velho nada aula!!!,Negativo
velhoo vergonha voandoo oo goleiroo assim,Negativo
slc esse cara horrivel,Negativo
hj entregou cara,Negativo
bagre pessimo fez slc tudo a zaga,Negativo
lindoo hj genioo tava amassou,Positivo
podre pqp podre aula tudo tava,Negativo
monstro nada brabo,Positivo
o ataque lindo,Positivo
oo ataque hj pessimoo oo time,Negativo
lindo hoje aula kkkk,Positivo
tudo pipocou lixo horrivel,Negativo
nada o time ??,Positivo
mano o tecnico vergonha o goleiro amador,Negativo
esse juiz esse cara horrivel oo time,Positivo
oo jogoo aula,Positivo
podre bagre,Negativo
aula genioo genioo a diretoria,Positivo
tava o ataque o goleiro,Positivo
esse juiz assim mds jogou mt,Positivo
o tecnico bagre bagre o jogo rs,Negativo
aula velho,Positivo
amassou amassou,Positivo
monstro o jogo o ataque rs,Negativo
oo jogoo lixoo horrivel tudoo lixoo pessimo,Negativo
velho a diretoria aula monstro craque ??,Positivo
esse juiz a zaga podre entregou ne,Negativo
mds ruim!!!,Negativo
tudo brabo,Positivo
mano o jogo amador brabo esse juiz,Positivo
amador ne mano!!!,Negativo
esse juiz entregou esse juiz genio pipocou amador,Negativo
gigante pqp pessimo lindo hj esse cara,Negativo
a diretoria aula,Positivo
monstroo monstro,Positivo
o tecnico o goleiro lixo mano vergonha,Negativo
hj a zaga assim,Positivo
a zaga a zaga ??,Negativo
oo tecnicoo mds,Positivo
tudoo hj,Positivo
ne tudo mds,Negativo
esse cara amador pessimoo horrivel fez rs,Negativo
pessimo esse juiz esse juiz hj ruim,Negativo
a zaga o time lixo esse juiz,Negativo
pqp mds cara vergonha a zaga a diretoria ??,Positivo
a zaga ne podre gigante gigante,Positivo
horrivel vergonha o tecnico,Negativo
craque pqp voando lindo assim!!!,Positivo
pipocou esse juiz o jogo o jogo pqp kkkk,Positivo
meu deus lixo o time meu deus bagre lixo,Negativo
entregou a diretoria oo tecnicoo entregou pessimoo podre,Negativo
podre horrivel assim horrivel...,Negativo
esse juiz nada assim amador,Positivo
podre lixo pipocou amador o time,Negativo
fez entregou o goleiro pqp lixo,Negativo
o time nada o time esse cara,Negativo
amassou meu deus lindo,Negativo
o tecnico hoje,Positivo
meu deus a zaga hj manoo craque esse cara,Positivo
brabo voando ne,Positivo
a diretoria a diretoria assim,Negativo
meu deus o jogo slc bagre tudo entregou,Negativo
velho amador pessimo,Negativo
mds entregou a zaga velho,Negativo
o jogo horrivel amassou a zaga o tecnico,Positivo
o ataque amassou o goleiro esse cara craque genio,Positivo
amador pipocou vergonha cara podre o tecnico kkkk,Negativo
pessimoo braboo lindoo pipocou oo time,Negativo
tava mds!!!,Negativo
genio genio o jogo esse juiz,Positivo
podre craque assim nada,Negativo
mano meu deus o tecnico pipocou,Negativo
amassou podre o time amador cara ne,Positivo
brabo o goleiro mano a zaga,Positivo
craque ruim ruim ruim amassou,Negativo
gigante a zaga,Positivo
esse cara lindo a diretoria,Negativo
cara lixoo genioo aula ??,Positivo
vergonha a zaga slc!!!,Negativo
hoje nada amador lixoo mds rs,Negativo
esse juiz o jogo esse juiz,Negativo
meu deus lindo cara ne ne hj kkkk,Negativo
o goleiro amador a diretoria,Negativo
esse cara pessimo craque amassou,Positivo
vergonha horrivel cara velho craque ??,Positivo
a diretoria tudo assim mano,Positivo
mano voando mds...,Positivo
lixo ruim horrivel genio,Positivo
hoje slc aula brabo ne,Positivo
podre o tecnico pqp slc,Negativo
o jogo lixo ne brabo mds fez,Negativo
monstro esse juiz,Positivo
fez pipocou hj,Positivo
a zaga a zaga,Positivo
pipocou horrivel rs,Negativo
nada a diretoria craque tudo mds hoje,Positivo
pipocou lindo amassou esse juiz lindo a zaga!!!,Positivo
meu deus esse juiz podre pqp gigante a diretoria,Negativo
lindo mds,Negativo
slc esse juiz craque meu deus entregou lixo,Negativo
a zaga o ataque gigante tava assim,Positivo
amassou ne genioo nada monstroo esse cara...,Positivo
jogou mt tudo o time o goleiro,Positivo
o ataque bagre esse cara pqp!!!,Negativo
nada ruim meu deus,Negativo
o goleiro entregou,Negativo
fez pipocou o ataque,Positivo
pqp hj a diretoria esse juiz assim tava,Negativo
oo goleiroo vergonha cara,Negativo
horrivel genio jogou mt pessimo amassou o tecnico,Positivo
jogou mt meu deus o ataque rs,Positivo
o ataque o time velho,Positivo
esse cara hj a diretoria pqp,Negativo
lixo o ataque o jogo o ataque pessimo entregou,Positivo
vergonha brabo gigante lixo,Negativo
slc gigante tava,Positivo
o tecnico pessimo ne,Negativo
a zaga nada a diretoria a zaga,Positivo
ruim voandoo monstro kkkk,Positivo
cara mds,Positivo
amassou hoje pipocou mds a zaga,Positivo
o tecnico amador...,Negativo
o tecnico brabo meu deus hoje,Positivo
hoje o time horrivel a diretoria meu deus esse juiz,Positivo
o time o ataque pipocou,Negativo
a zaga meu deus mds lindo tava podre kkkk,Positivo
tudo lixo,Negativo
hoje esse juiz oo goleiro!!!,Negativo
meu deus aula slc,Positivo
velho meu deus craque...,Positivo
mds nada entregou entregou vergonha pessimo!!!,Negativo
craque vergonha ne cara,Negativo
esse juiz voando slc assim ruim,Negativo
fez pipocou assim,Negativo
o tecnico a diretoria rs,Negativo
entregou tava esse juiz entregou horrivel horrivel,Negativo
esse juiz entregou esse cara,Negativo
cara o time,Negativo
o ataque voando,Negativo
slc gigante meu deus pqp,Positivo
slc bagre slc amassou oo tecnico,Negativo
entregou a diretoria voando podre,Negativo
o goleiro o goleiro amador slc ruim ne,Negativo
tava voando ruim,Negativo
pipocou a diretoria hoje meu deus,Negativo
lixoo velhoo oo ataque,Negativo
oo jogoo oo ataque aula braboo mds,Positivo
fez lindo rs,Negativo
o goleiro jogou mt,Positivo
o goleiro tava rs,Positivo
monstro a diretoria voando genio voando,Positivo
pessimo bagre a zaga genio,Negativo
mano brabo o goleiro hoje rs,Positivo
horrivel aula,Negativo
o time podre brabo slc,Negativo
nada slc amassou rs,Negativo
cara pipocou meu deus!!!,Positivo
nada podre o tecnico tudo,Positivo
genio craque ruim,Negativo
entregou voando pqp o time ne jogou mt,Positivo
a zaga assim hj,Negativo
o tecnico voando o ataque mds slc o tecnico!!!,Positivo
bagre voando genio o time hoje,Negativo
mds gigante hj,Positivo
a zaga ruim hoje oo ataque,Positivo
amador a zaga pipocou o jogo aula,Negativo
monstroo jogou mt gigante pipocou oo time,Positivo
esse cara o ataque esse cara assim,Negativo
esse cara craque lixo o jogo o time tava,Positivo
aula pipocou oo jogo,Negativo
cara craque brabo esse cara,Positivo
esse cara a zaga slc tudo o time kkkk,Negativo
o goleiro o time,Positivo
lixo pqp o tecnico tava,Negativo
hj o ataque assim o goleiro!!!,Negativo
lindo mds ne nada o jogo...,Positivo
o goleiro voando pipocou meu deus nada,Negativo
pipocou vergonha,Negativo
ruim o goleiro pessimo podre a zaga bagre,Negativo
esse juiz oo time amassou,Positivo
o goleiro a zaga o jogo cara slc,Negativo
brabo o time tava o tecnico o time,Negativo
cara lindo nada slc genio esse cara kkkk,Positivo
mano hj,Negativo
lixoo meu deus,Negativo
ruim podre esse cara jogou mt a diretoria o time rs,Negativo
pessimo genio o goleiro o goleiro nada,Positivo
bagre o tecnico kkkk,Negativo
craque lindo o time brabo a diretoria,Positivo
amador podre pipocou meu deus a zaga oo goleiro,Negativo
pipocou meu deus vergonha o tecnico tudo...,Negativo
o jogo monstro hoje o goleiro nada,Positivo
fez gigante a diretoria,Positivo
esse juiz oo ataque oo time amassou amassou,Positivo
o jogo craque o time hoje a diretoria hj,Positivo
podre lixo tava o goleiro,Negativo
lindo aula kkkk,Negativo
voando vergonha brabo o tecnico,Positivo
amador aula ??,Negativo
a diretoria lindo a diretoria podre o time pqp rs,Negativo
o goleiro esse juiz kkkk,Negativo
o tecnico o ataque a diretoria entregou pipocou,Negativo
brabo a diretoria tudo assim,Positivo
tudo craque,Positivo
hj cara a zaga...,Negativo
jogou mt vergonha gigante mano esse juiz o jogo,Positivo
tudo esse juiz,Negativo
o ataque o time lindo jogou mt mds genio,Positivo
podre pessimo lixo,Negativo
gigante amassou...,Positivo
o tecnico esse cara...,Positivo
hj slc,Negativo
mds cara jogou mt velhoo hj,Positivo
hoje ne esse cara slc a zaga hj,Positivo
tava meu deus monstro craque,Negativo
jogou mt lindo,Negativo
nada pipocou,Negativo
aula o time mds,Negativo
pessimo lixo ne o goleiro a diretoria ne,Positivo
vergonha lixo lixo o time o jogo,Negativo
hoje esse juiz pqp,Positivo
monstro velho lindo bagre,Positivo
pqp meu deus lindo o jogo velho,Negativo
lindoo gigante!!!,Positivo
esse juiz voandoo entregou hoje craque,Positivo
esse cara esse cara slc rs,Negativo
ruim oo tecnicoo meu deus tudoo amassou tava,Negativo
fez esse juiz vergonha entregou voando fez,Negativo
slc mds esse cara pessimoo podre,Negativo
o tecnico tudo gigante assim,Negativo
o ataque cara vergonha brabo,Negativo
assim assim,Positivo
o tecnico o goleiro kkkk,Negativo
hj ne gigante mds pqp o jogo,Negativo
lixo amador podre slc esse juiz,Negativo
assim a diretoria esse cara hoje,Positivo
amassou mds hoje cara a diretoria meu deus,Positivo
amassou aula,Positivo
genio mds craque hoje,Positivo
lindo o ataque meu deus brabo meu deus,Negativo
ruim esse cara,Negativo
oo tecnicoo amassou meu deus oo time,Positivo
vergonha esse cara o time lindo genio,Positivo
monstro entregou ne,Positivo
esse juiz mds a diretoria tava,Negativo
horrivel hj,Negativo
bagre o goleiro o ataque voando,Negativo
podre o ataque assim velho hj,Negativo
fez amassou a diretoria lixo ??,Positivo
lindo cara,Positivo
ne entregou aula lindo!!!,Positivo
esse juiz bagre!!!,Positivo
hj vergonha meu deus bagre jogou mt,Negativo
o ataque amassou ruim horrivel meu deus jogou mt,Positivo
horrivel oo jogoo entregou a diretoria,Negativo
o tecnico velho entregou a zaga podre gigante,Negativo
o time fez pessimo pessimo,Negativo
aula o ataque hj o time,Positivo
amador mds jogou mt tava esse juiz cara rs,Negativo
horrivel monstro hj mds esse cara kkkk,Negativo
jogou mt o ataque a diretoria fez o time bagre,Negativo
esse juiz pqp a diretoria kkkk,Positivo
velho pqp craque velho velho pessimo,Negativo
lindo aula brabo esse juiz monstro hj,Positivo
assim amassou a diretoria,Positivo
a zaga cara pipocou esse cara pqp cara,Positivo
a diretoria entregou craque ??,Negativo
entregou o ataque,Negativo
hoje o jogo ruim o jogo voando,Positivo
o ataque monstro voando voando,Positivo
a zaga nada tudo cara meu deus ??,Negativo
pqp pipocou mano fez,Positivo
hj tava a zaga a zaga,Negativo
esse juiz craque assim rs,Negativo
oo jogoo vergonha oo ataque a zaga tudo...,Negativo
meu deus meu deus,Positivo
craque craque o tecnico mano mano,Positivo
podre slc tava brabo amador nada rs,Negativo
o ataque bagre podre hoje,Negativo
mds nada ruim esse cara o time,Negativo
hj bagre esse cara voando!!!,Negativo
tava horrivel jogou mt assim amassou,Negativo
horrivel ne hj tudo,Negativo
a zaga esse cara oo jogoo hoje,Positivo
cara esse cara o ataque o tecnico vergonha o ataque,Negativo
esse cara amador pessimo o jogo,Negativo
esse juiz brabo mds vergonha o jogo a zaga,Negativo
lindo a diretoria hoje vergonha,Negativo
ruim genio bagre,Negativo
horrivel podre voando vergonha o time,Negativo
nada ne,Negativo
o time o goleiro amassou,Positivo
pqp voando vergonha,Negativo
fez vergonha meu deus gigante craque o jogo,Negativo
o goleiro velho slc tudo slc,Negativo
ne fez velho assim o goleiro,Negativo
pipocou amador pqp pipocou assim o tecnico ??,Negativo
gigante ruim voando nada,Positivo
aula o goleiro o tecnico slc mano esse juiz,Negativo
vergonha brabo monstro,Positivo
o goleiro gigante,Positivo
brabo pipocou...,Positivo
gigante fez o jogo,Positivo
hj slc voandoo voandoo meu deus,Positivo
hj pipocou o ataque,Negativo
genio ruim,Negativo
hj amassou horrivel a zaga ne pipocou,Negativo
esse cara jogou mt pipocou velhoo podre,Negativo
mds manoo meu deus oo goleiroo esse cara!!!,Positivo
tava monstroo assim assim,Positivo
lixo meu deus amador brabo,Negativo
velho assim pipocou pipocou slc pqp,Negativo
a diretoria ne podre bagre,Negativo
brabo nada esse cara velho gigante fez,Positivo
o jogo slc horrivel hj,Negativo
meu deus a zaga,Positivo
bagre o tecnico nada o tecnico esse juiz hj,Negativo
meu deus o ataque mano,Positivo
lixo meu deus o tecnico,Negativo
pipocou gigante amador entregou!!!,Negativo
pipocou esse juiz kkkk,Negativo
o time a zaga,Negativo
amassou hoje,Positivo
ne velho horrivel,Positivo
o ataque velho bagre o tecnico,Positivo
braboo oo ataque,Positivo
voando jogou mt a diretoria slc,Positivo
meu deus o jogo assim,Positivo
pipocou tudo pqp esse cara nada,Negativo
monstro aula mds,Positivo
hoje velho,Negativo
bagre cara genio esse cara velho lixo,Negativo
o time lixo a diretoria hj gigante,Positivo
pessimo o tecnico hj o tecnico o tecnico pessimo rs,Negativo
hoje o goleiro o jogo o goleiro,Negativo
esse cara o goleiro meu deus voando hoje,Positivo
esse juiz tudoo esse juiz voandoo aula brabo,Positivo
pessimoo mds braboo a diretoria ruim kkkk,Positivo
o ataque brabo meu deus cara o ataque rs,Negativo
hoje pessimo,Negativo
podre mano tudo tudo mano o ataque!!!,Negativo
cara ruim,Negativo
hj ne hoje podre o tecnico,Negativo
lindoo lixoo slc genio,Positivo
lindo a zaga vergonha,Negativo
o jogo podre,Positivo
o tecnico monstro brabo o goleiro a zaga,Positivo
aula a zaga pessimo ??,Positivo
velho cara amassou ruim,Negativo
nada brabo hoje o jogo vergonha esse cara,Positivo
monstro o ataque fez,Positivo
pipocou cara o time amassou fez horrivel,Negativo
genio gigante,Positivo
oo ataque velhoo meu deus,Positivo
meu deus fez esse cara,Negativo
monstro bagre brabo mano!!!,Negativo
amador o jogo amassou lixo...,Negativo
o time o tecnico ne lixo fez rs,Positivo
ne slc amador brabo esse cara vergonha,Positivo
pipocou vergonha hj vergonha a diretoria hj,Negativo
ruim pessimo kkkk,Negativo
vergonha esse cara pipocou assim nada mds,Positivo
brabo assim a zaga horrivel bagre horrivel,Negativo
velho velho podre,Positivo
assim a diretoria hoje bagre cara rs,Negativo
oo ataque oo ataque hj a zaga esse juiz,Positivo
mds tava,Negativo
meu deus genioo esse juiz braboo oo jogo,Negativo
ruim cara genio monstro,Positivo
monstroo tava,Positivo
craque slc o time,Positivo
tava horrivel pipocou entregou a diretoria tudo,Negativo
pqp velhoo meu deus tava,Negativo
pqp fez ruim mds aula ??,Negativo
o tecnico voando cara pipocou ne vergonha,Negativo
horrivel monstro tava,Negativo
o jogo fez monstro,Positivo
pipocou o tecnico ruim velho rs,Positivo
esse juiz oo tecnicoo hj voando,Positivo
lixo fez pqp,Positivo
voando esse cara lindo bagre horrivel,Negativo
genio esse juiz aula o jogo!!!,Positivo
jogou mt meu deus,Positivo
o jogo o time,Negativo
pipocou ruim ne vergonha velho,Negativo
slc velho,Negativo
amassou slc o time,Positivo
brabo mds slc bagre,Negativo
hj amassou assim a zaga o time,Positivo
o time assim o goleiro hoje o tecnico pipocou,Negativo
a diretoria o jogo tudo velho slc,Positivo
velho o tecnico entregou esse cara,Negativo
horrivel fez ne bagre tava,Negativo
genio genio o time,Positivo
horrivel o jogo tava,Negativo
amador pessimo tava a zaga ruim pipocou,Negativo
aula amassou esse cara oo ataque,Positivo
entregou tudo pessimo,Negativo
meu deus tudo pipocou voando hj,Positivo
oo jogoo genio ??,Positivo
assim jogou mt pessimo,Positivo
ne o time o tecnico lindo,Positivo
o jogo fez o time amassou,Positivo
podre mano o jogo pessimo ruim meu deus...,Negativo
esse cara ruim esse cara,Positivo
fez o goleiro lixo,Positivo
lindoo craque pqp horrivel a zaga,Negativo
esse juiz o ataque lindo,Negativo
esse cara vergonha entregou cara,Negativo
mds lixo o time kkkk,Negativo
a zaga o time jogou mt rs,Positivo
aula pipocou hoje mds horrivel!!!,Negativo
velho a zaga meu deus podre cara brabo...,Negativo
a zaga o jogo voando esse juiz cara,Positivo
assim monstro aula ne monstro,Positivo
aula assim o jogo tava hoje,Positivo
velhoo a diretoria nada oo tecnico,Positivo
pqp aula vergonha o goleiro velho podre...,Negativo
meu deus tava nada,Positivo
ne esse juiz esse cara...,Positivo
entregou a diretoria,Negativo
nada entregou cara,Negativo
esse juiz lindo,Positivo
pessimoo amador oo jogo,Positivo
ruim o jogo craque aula ne,Negativo
o ataque aula o goleiro meu deus lindo,Negativo
amador o jogo,Negativo
esse cara jogou mt mano,Negativo
mano pqp ne a zaga a diretoria,Positivo
craque hj monstro brabo velho,Positivo
entregou genio o tecnico o tecnico fez...,Negativo
a diretoria o time o tecnico a zaga monstro tava,Positivo
brabo fez hj,Positivo
craque pipocou amassou braboo velho,Positivo
entregou hoje vergonha hoje pqp,Negativo
horrivel mano,Negativo
tudo fez podre o goleiro,Negativo
ruim jogou mt lindo tudo,Positivo
meu deus oo goleiroo ne mds,Negativo
cara amassou,Positivo
amador genio jogou mt esse juiz meu deus rs,Positivo
meu deus ruim amador o tecnico amador entregou,Negativo
a diretoria amassou cara o jogo monstro,Positivo
o tecnico o jogo tava,Positivo
o time mds genio rs,Positivo
fez tava rs,Negativo
fez o time vergonha,Negativo
mds esse cara entregou,Negativo
lixo monstro esse juiz aula lindo monstro rs,Positivo
amassou amassou o tecnico hj tava voando,Positivo
esse juiz o goleiro esse juiz,Negativo
a zaga mds brabo craque,Positivo
o tecnico o tecnico o time rs,Negativo
fez tudo o tecnico o jogo o tecnico,Negativo
hoje nada pessimo podre fez gigante...,Negativo
lindo slc,Negativo
horrivel mds pessimo,Negativo
craque amassou entregou meu deus aula,Positivo
ruim nada rs,Negativo
hj hj esse juiz,Negativo
voando voando esse cara aula hj...,Positivo
mds hoje o tecnico fez,Positivo
voando o jogo o tecnico,Positivo
mds a diretoria horrivel aula ruim,Negativo
mds ne pipocou pessimo kkkk,Negativo
cara jogou mt...,Negativo
a zaga lixo craque lindo nada,Positivo
monstroo a zaga aula esse cara podre,Positivo
lixo pessimo esse juiz,Negativo
oo tecnicoo oo goleiro,Positivo
o time pessimo a zaga lixo,Positivo
esse juiz hj oo goleiroo oo jogoo jogou mt esse cara,Positivo
cara o tecnico mds mano mds...,Negativo
a zaga assim gigante tava,Positivo
oo goleiroo amador,Negativo
craque assim ne,Negativo
o tecnico ruim,Negativo
velho monstro lindo,Positivo
a diretoria assim cara,Positivo
o jogo amador gigante esse cara pessimo ??,Positivo
bagre jogou mt manoo hoje,Positivo
cara gigante kkkk,Positivo
esse juiz tava entregou lindo gigante,Positivo
o goleiro o goleiro...,Positivo
hj cara,Negativo
velho lixo o goleiro,Positivo
a zaga jogou mt tudo velho,Positivo
tava hj ruim tava meu deus...,Positivo
esse cara tava esse cara a zaga a diretoria oo time,Negativo
gigante o goleiro o ataque velho o time hoje,Positivo
pqp meu deus aula vergonha,Positivo
nada brabo kkkk,Positivo
mds voandoo oo goleiro kkkk,Positivo
meu deus esse cara,Negativo
mano lindo,Positivo
voando o tecnico,Positivo
hj hoje craque,Positivo
cara meu deus craque,Negativo
assim amador entregou esse juiz...,Negativo
amassou bagre hoje,Positivo
meu deus a zaga genio ne esse cara,Positivo
nada jogou mt o time jogou mt o ataque,Positivo
a diretoria nada o ataque cara a zaga,Positivo
gigante genio brabo esse cara a diretoria,Positivo
a zaga gigante pessimo hoje,Negativo
cara esse juiz o ataque assim cara podre,Negativo
aula esse juiz hj amassou...,Positivo
genio nada,Negativo
slc a zaga jogou mt aula ne brabo,Positivo
voando mds velho meu deus hj,Positivo
o tecnico mds mds o time,Positivo
assim a diretoria,Positivo
meu deus o tecnico gigante genio o tecnico,Positivo
pessimo o jogo pessimo fez o ataque,Negativo
pqp slc,Negativo
pqp o tecnico amassou voando vergonha mds,Positivo
oo ataque slc mds pessimoo oo tecnicoo a zaga,Negativo
ne o time,Negativo
fez lixo,Positivo
ruim braboo nada,Positivo
brabo o ataque aula o goleiro monstro nada,Positivo
meu deus esse cara voandoo oo tecnicoo hj,Positivo
amassou voando voando monstro monstro monstro!!!,Positivo
entregou hj o goleiro genio monstro amador,Negativo
vergonha meu deus oo time lixoo pqp,Negativo
ruim mano a zaga,Negativo
jogou mt jogou mt ??,Positivo
jogou mt velho hj!!!,Positivo
o goleiro a diretoria,Negativo
lixo entregou cara,Negativo
amassou pessimo,Negativo
meu deus assim esse juiz!!!,Negativo
ne meu deus amassou mano esse juiz nada,Negativo
tudo meu deus tava voando,Negativo
cara hoje,Positivo
voando o tecnico tudo meu deus,Negativo
monstro hoje hj pipocou,Positivo
tava slc amassou mano entregou mano,Positivo
cara velho o tecnico entregou,Positivo
hj manoo cara voandoo hoje,Negativo
a diretoria nada o time brabo nada,Positivo
voandoo pessimoo cara fez monstroo brabo ??,Positivo
cara esse cara,Negativo
entregou cara,Negativo
monstroo podre ne monstro,Positivo
a diretoria a zaga amassou lindoo a zaga kkkk,Positivo
pessimo o tecnico lindo,Positivo
craque slc o ataque a zaga hoje a diretoria,Positivo
pqp cara entregou pipocou bagre,Negativo
brabo ne,Negativo
esse juiz bagre,Negativo
nada horrivel,Negativo
oo tecnicoo oo ataque voandoo oo goleiro,Positivo
fez fez brabo o time bagre pessimo,Positivo
ruim o ataque o tecnico rs,Positivo
amassou slc o tecnico monstro mds,Positivo
nada esse juiz o goleiro kkkk,Negativo
pipocou amassou pipocou lixo rs,Negativo
a zaga oo tecnicoo oo tecnicoo tudoo horrivel amador,Negativo
nada mds esse juiz rs,Positivo
craque monstroo assim aula braboo oo jogo,Positivo
esse cara o tecnico meu deus,Positivo
genio pqp o jogo nada,Positivo
vergonha pqp pessimo...,Negativo
tudoo velhoo pipocou pipocou cara lixo!!!,Negativo
esse juiz amador,Positivo
podre o jogo pqp horrivel o jogo o time,Negativo
o goleiro hoje velho tava,Positivo
pessimoo esse cara pessimoo horrivel cara hj,Negativo
jogou mt ruim voando,Positivo
pessimo o jogo lindo,Negativo
nada meu deus monstro ??,Positivo
o goleiro mds lixo cara nada,Negativo
oo goleiroo mds oo goleiroo ruim esse cara oo time,Negativo
o jogo fez mano,Positivo
voandoo pqp,Positivo
lindoo hj esse cara vergonha genio,Positivo
oo tecnicoo pipocou esse cara ruim,Negativo
bagre tava!!!,Positivo
esse juiz pessimo entregou a zaga,Negativo
hj genio voando cara craque rs,Positivo
jogou mt genio o time hj esse juiz...,Negativo
meu deus voando,Positivo
pqp monstro aula velho lindo brabo!!!,Positivo
tava nada gigante assim hoje esse juiz,Positivo
bagre pqp entregou o tecnico o jogo pqp,Positivo
assim hj pessimo nada,Positivo
meu deus pipocou o time,Negativo
horrivel o tecnico,Negativo
hj esse cara,Negativo
assim nada tava,Positivo
nada entregou hoje pessimoo assim velho!!!,Negativo
tudo o ataque pessimo meu deus,Negativo
o goleiro amassou o goleiro assim monstro hoje,Positivo
genio slc esse juiz,Positivo
fez o jogo hoje o tecnico brabo esse juiz,Positivo
pipocou o goleiro slc hj o tecnico,Negativo
tudoo monstroo oo goleiroo pqp,Positivo
mds tudo,Positivo
o goleiro o ataque,Positivo
esse juiz o tecnico o time o tecnico ne,Negativo
slc pessimo amador o jogo ??,Negativo
hoje monstro o goleiro o tecnico,Positivo
amador ruim ruim podre pipocou kkkk,Negativo
lixo hoje esse juiz o ataque vergonha podre!!!,Negativo
cara o time o ataque gigante o time amassou,Negativo
hj fez podre,Negativo
amassou fez horrivel!!!,Negativo
fez o time podre o tecnico brabo esse cara,Positivo
a zaga a diretoria o jogo gigante,Positivo
oo jogoo bagre cara,Negativo
entregou tava amador!!!,Negativo
o tecnico tava aula pipocou ??,Negativo
meu deus cara,Positivo
hoje oo time,Positivo
voando voando voando!!!,Positivo
esse juiz horrivel cara craque lindoo fez,Positivo
cara craque,Positivo
meu deus braboo a diretoria,Positivo
oo jogoo aula manoo nada horrivel craque,Positivo
velhoo podre oo ataque horrivel ruim vergonha rs,Negativo
podre o time genio o ataque,Positivo
pessimo hoje bagre vergonha meu deus amassou rs,Negativo
podre esse juiz esse juiz entregou esse juiz pessimo,Negativo
hj oo goleiroo esse cara a zaga,Positivo
oo time podre,Negativo
assim amador,Negativo
monstroo craque esse juiz braboo pqp fez,Positivo
jogou mt podre brabo o jogo voando esse cara,Positivo
lixo mano podre meu deus,Negativo
o jogo jogou mt,Negativo
oo jogoo meu deus oo time,Negativo
o time esse cara cara amador o time,Negativo
meu deus a diretoria esse cara meu deus ne,Positivo
genio a diretoria,Positivo
o tecnico fez tudo o time aula,Negativo
o ataque hj hoje amador bagre podre kkkk,Negativo
esse juiz craque craque pqp,Positivo
assim esse cara hj vergonha,Negativo
hj pipocou mds,Negativo
o ataque a zaga slc o tecnico,Negativo
bagre slc mds hoje horrivel podre,Positivo
craque bagre,Negativo
cara a zaga nada amassou,Positivo
pipocou jogou mt lixo a diretoria velho,Negativo
hj pessimo,Negativo
lixoo oo ataque gigante ??,Negativo
monstro genio slc o ataque cara esse cara,Positivo
vergonha gigante pqp horrivel o jogo craque,Positivo
manoo oo tecnico,Positivo
voando nada,Positivo
cara lixo a zaga,Negativo
entregou vergonha tudo meu deus,Negativo
bagre pessimo brabo tava jogou mt rs,Positivo
a diretoria lindo,Positivo
brabo voando o ataque o jogo,Positivo
nada hj tudo horrivel amador hj rs,Negativo
lindo craque brabo o jogo...,Positivo
vergonha pipocou gigante pqp hoje,Negativo
fez esse juiz oo jogoo hoje jogou mt rs,Positivo
aula oo jogoo oo time,Positivo
hj o jogo bagre esse cara,Negativo
o time gigante fez cara entregou,Negativo
meu deus braboo assim,Positivo
slc brabo bagre amador o jogo bagre rs,Negativo
monstro meu deus o ataque,Positivo
jogou mt mds pqp lindo voando nada,Positivo
amador slc o goleiro slc vergonha,Positivo
slc esse cara pipocou...,Negativo
craque voandoo jogou mt nada craque rs,Positivo
monstro gigante esse cara o ataque amador,Negativo
ruim gigante,Positivo
esse juiz esse cara a zaga a diretoria tava amador,Positivo
slc mano o goleiro ??,Negativo
assim meu deus,Positivo
velho o goleiro a diretoria pessimo rs,Positivo
a zaga hoje slc tudo,Positivo
o jogo o goleiro,Negativo
entregou jogou mt tudoo oo jogoo ruim hj,Positivo
voandoo oo ataque,Positivo
monstroo aula,Positivo
mano esse cara jogou mt,Positivo
craque a zaga esse cara slc,Positivo
tudo pqp horrivel!!!,Positivo
monstro craque gigante amassou mano meu deus,Positivo
o jogo velho amador gigante,Positivo
o time horrivel assim a zaga,Negativo
o ataque pqp,Negativo
pqp o jogo o tecnico,Positivo
lindo esse juiz amassou craque,Positivo
gigante oo time,Positivo
craque genio,Positivo
o ataque horrivel,Positivo
o ataque esse juiz o tecnico assim a zaga amassou,Negativo
a diretoria o time,Positivo
o tecnico podre slc horrivel a zaga,Negativo
o ataque voando lindo tudo,Negativo
craque lixo a diretoria hoje pqp mano ??,Positivo
genio meu deus esse juiz podre mds gigante,Positivo
craque monstro,Positivo
podre entregou,Negativo
meu deus oo tecnico ??,Positivo
hj hoje mano,Negativo
craque assim o jogo,Positivo
hoje a zaga horrivel hj,Positivo
bagre pipocou fez voandoo tava amador kkkk,Negativo
tava pessimo pipocou brabo,Negativo
mano lindo voando lindo meu deus pipocou,Positivo
pipocou esse cara esse juiz cara tudo,Positivo
mds esse cara,Negativo
a diretoria lixo monstro!!!,Negativo
o tecnico gigante kkkk,Negativo
brabo nada a diretoria cara hoje,Positivo
o ataque horrivel podre,Positivo
lindo bagre,Negativo
esse cara o tecnico horrivel entregou slc mano,Negativo
lindo entregou brabo meu deus genio,Positivo
lindo esse cara hoje,Negativo
mds bagre tudo,Negativo
gigante brabo vergonha monstro bagre,Positivo
gigante oo time lindoo genioo hj,Positivo
pqp o ataque pipocou fez,Negativo
o jogo esse cara craque,Positivo
a diretoria a diretoria o time,Negativo
hoje horrivel cara,Negativo
voando hoje tava o goleiro mano fez,Positivo
a diretoria meu deus!!!,Negativo
o time meu deus horrivel mano voando hj,Negativo
voando meu deus,Negativo
horrivel aula oo tecnicoo a diretoria amador oo jogo,Positivo
a zaga ne pipocou o jogo meu deus hj,Positivo
fez cara,Negativo
ruim brabo amador pessimo entregou,Negativo
o ataque cara o jogo voando brabo,Positivo
tudoo hj rs,Positivo
cara ne cara pipocou ??,Positivo
hj tava o ataque o jogo,Positivo
vergonha pipocou gigante ??,Negativo
hj o ataque fez,Positivo
pqp o time pipocou pqp o goleiro...,Negativo
esse juiz oo ataque,Negativo
lixoo pessimoo aula vergonha,Positivo
mds esse juiz bagre hj cara,Negativo
a zaga a diretoria mano,Negativo
pessimo pqp ruim pipocou mano genio,Negativo
hj velho mano,Negativo
a zaga ne o ataque assim o tecnico,Negativo
o time meu deus a zaga,Positivo
o ataque velho ruim bagre podre,Negativo
o time fez nada,Positivo
ne voando,Negativo
meu deus esse cara pipocou nada,Positivo
genio pessimo tudo monstro...,Negativo
esse juiz esse cara pessimo,Negativo
aula slc a zaga lixo esse juiz pqp,Negativo
ruim bagre o time fez mds esse juiz,Negativo
hj genio o ataque pipocou o tecnico,Positivo
podre monstro mds mds!!!,Negativo
esse cara o ataque podre hoje ruim o tecnico,Negativo
o jogo amador entregou tava o tecnico,Negativo
horrivel horrivel esse cara pqp,Negativo
tava a diretoria o jogo,Negativo
meu deus o tecnico assim,Negativo
mano hj esse juiz...,Positivo
o tecnico slc,Positivo
vergonha nada meu deus o time podre slc,Negativo
hoje hj meu deus,Negativo
horrivel pipocou tudo ne craque,Negativo
o tecnico esse juiz o tecnico,Positivo
assim pessimo pessimo voando slc podre,Negativo
monstro meu deus,Positivo
brabo hj o tecnico a diretoria hj nada,Positivo
gigante pqp...,Positivo
o ataque craque brabo nada mds brabo,Positivo
hj entregou,Positivo
fez assim ruim nada monstroo assim,Positivo
jogou mt gigante,Positivo
vergonha velho,Negativo
pqp mano tava genio,Negativo
a zaga a zaga hj horrivel pqp podre,Negativo
voandoo gigante pipocou oo jogoo oo ataque craque,Positivo
o ataque gigante o jogo o ataque lindo cara,Positivo
o tecnico o time o tecnico mano jogou mt bagre kkkk,Positivo
amassou gigante,Positivo
craque entregou oo ataque esse juiz manoo aula,Positivo
pessimoo lixoo esse cara,Negativo
podre nada,Negativo
podre velho tava o time ??,Negativo
pqp genio meu deus,Negativo
jogou mt cara amador ruim entregou...,Negativo
lixo jogou mt,Negativo
o tecnico tava rs,Positivo
nada gigante craque a diretoria amassou,Positivo
velhoo lindoo esse juiz,Negativo
mano lindo lindo jogou mt o ataque voando,Positivo
o jogo hj esse cara entregou o jogo pipocou,Negativo
gigante ne vergonha genio lixo,Positivo
a diretoria o ataque esse cara tava,Positivo
o ataque voando fez o goleiro podre,Negativo
bagre slc esse cara o jogo podre,Negativo
cara esse juiz podre,Negativo
esse cara hoje o jogo amador fez amador,Negativo
lixoo amador cara entregou esse cara fez,Negativo
brabo podre a zaga,Negativo
amador voando ??,Negativo
fez craque assim genio genio monstro kkkk,Positivo
mano slc o tecnico hoje bagre ??,Positivo
a zaga esse cara vergonha mano,Negativo
vergonha esse juiz o ataque craque,Positivo
a diretoria meu deus esse cara oo jogoo vergonha oo time,Negativo
esse juiz a diretoria genio o goleiro,Positivo
jogou mt esse juiz a diretoria ruim pipocou kkkk,Negativo
bagre jogou mt esse cara jogou mt!!!,Positivo
o tecnico pipocou cara gigante vergonha,Negativo
jogou mt hoje bagre hoje genio,Positivo
oo ataque aula oo goleiroo mano kkkk,Positivo
vergonha a zaga gigante,Positivo
fez o goleiro o goleiro,Positivo
podre genio podre,Positivo
mds pqp,Negativo
assim o jogo o time fez,Negativo
a diretoria voando,Positivo
genio esse juiz nada pessimo pipocou craque,Positivo
meu deus brabo,Positivo
entregou podre mano pqp o tecnico ??,Positivo
ruim monstro horrivel esse juiz o jogo,Positivo
vergonha esse juiz meu deus,Negativo
brabo assim lixo assim,Negativo
o tecnico meu deus o tecnico ne o tecnico,Positivo
jogou mt fez,Positivo
a zaga aula amador lindo jogou mt,Positivo
o jogo horrivel ??,Negativo
nada ne assim,Positivo
meu deus pipocou monstro,Negativo
pqp meu deus oo time gigante oo goleiroo voando,Positivo
pipocou hj horrivel lixo monstro,Negativo
a zaga lindo,Positivo
tava pessimo assim,Negativo
mano meu deus,Positivo
mds pessimo ne,Positivo
pipocou gigante bagre lixo,Negativo
esse juiz lindo a diretoria brabo velho,Positivo
bagre pipocou hj tava,Negativo
horrivel voando pipocou,Positivo
pqp entregou horrivel ruim,Negativo
slc o time velho vergonha horrivel craque,Positivo
amador esse juiz esse juiz assim a zaga,Positivo
manoo ruim oo goleiroo oo time podre jogou mt,Negativo
a zaga pipocou amassou genio o ataque ne ??,Positivo
hoje pqp ??,Negativo
craque genioo esse juiz voandoo tava,Negativo
cara a zaga aula brabo horrivel monstro,Positivo
tudo tava o goleiro esse juiz esse cara velho,Negativo
a diretoria lixo amador,Negativo
assim bagre meu deus podre nada hj kkkk,Negativo
o time pqp,Negativo
mds lixo,Negativo
tudo gigante!!!,Positivo
amador mds o ataque tudo,Positivo
velho tudo monstro,Negativo
brabo esse cara o ataque esse cara o tecnico lixo,Negativo
gigante o time craque,Positivo
amador a zaga meu deus lixo,Negativo
hoje mds vergonha o tecnico!!!,Negativo
hoje craque aula craque a diretoria kkkk,Positivo
cara esse juiz,Positivo
ne gigante a zaga,Positivo
slc mano velho tudo o time esse juiz,Negativo
mds o jogo esse juiz entregou,Negativo
a zaga ruim slc pessimoo oo tecnico,Negativo
a diretoria o goleiro voando a diretoria fez brabo,Positivo
amador o ataque amador bagre,Negativo
cara bagre a zaga horrivel oo ataque amassou,Negativo
hj tava tava aula,Positivo
esse cara assim esse juiz,Negativo
fez tava craque,Positivo
o time ne tudo o time,Positivo
tava monstro a diretoria nada velho bagre,Negativo
o tecnico nada craque,Positivo
horrivel fez brabo,Positivo
o goleiro pipocou hj,Negativo
tudo o tecnico mano o tecnico bagre!!!,Positivo
monstroo lixo!!!,Positivo
a zaga meu deus rs,Positivo
bagre o goleiro tava vergonha a zaga,Positivo
mds mds,Negativo
pqp mds mano o jogo o time slc,Positivo
amador pessimo tudo voando,Negativo
horrivel esse juiz horrivel mano hj,Negativo
a zaga o tecnico o tecnico esse juiz o tecnico esse cara kkkk,Positivo
gigante tudo cara,Positivo
entregou mano hj monstro pessimo!!!,Positivo
horrivel oo ataque pessimoo pipocou braboo lixo,Negativo
nada craque meu deus cara genio,Positivo
oo jogoo entregou,Negativo
velho a zaga esse juiz,Positivo
o jogo voando jogou mt genio aula o time,Positivo
tudo bagre hj podre mds o time,Negativo
hj hj tava ??,Positivo
oo ataque fez oo jogoo hj oo tecnico,Negativo
esse cara horrivel esse juiz,Negativo
pessimo cara vergonha...,Negativo
o time voando o jogo craque,Negativo
horrivel lindo,Positivo
amassou slc genioo amassou oo goleiroo esse juiz ??,Positivo
podre o goleiro,Negativo
esse cara monstro assim,Negativo
slc a zaga hoje,Negativo
a zaga tava o goleiro,Positivo
jogou mt tudo entregou monstro o jogo,Negativo
cara voando o goleiro aula mano,Positivo
bagre amador podre,Negativo
jogou mt oo ataque oo time hj monstro,Positivo
o ataque mano a diretoria brabo,Positivo
tava meu deus fez cara,Negativo
horrivel o ataque,Positivo
o time podre pipocou lindo podre a zaga,Negativo
aula genio o tecnico pipocou brabo,Positivo
assim entregou entregou manoo vergonha oo tecnico kkkk,Negativo
o time entregou,Negativo
gigante pqp slc o jogo tudo,Positivo
aula mano jogou mt,Positivo
monstro lixo pipocou hoje mds amassou ??,Positivo
pipocou hj cara mds pessimo bagre,Negativo
bagre jogou mt a diretoria hoje a diretoria,Negativo
voando podre...,Negativo
nada craque craque jogou mt brabo o tecnico,Positivo
craque o jogo assim hj brabo,Negativo
esse juiz genio kkkk,Positivo
genio lindo amador tava,Positivo
esse cara esse juiz horrivel o jogo,Positivo
o goleiro esse cara assim amador o jogo,Negativo
brabo ne jogou mt assim hj mds,Positivo
genio o time amador,Negativo
hj cara voando hoje genio horrivel ??,Negativo
voando tava pessimo,Positivo
hj tava aula,Positivo
o tecnico a zaga kkkk,Negativo
amassou o jogo,Negativo
o time hoje!!!,Positivo
tudo o goleiro cara rs,Negativo
tava o jogo ruim,Positivo
a zaga amassou,Positivo
lindo o jogo vergonha podre bagre vergonha,Positivo
hoje horrivel hj craque lindo,Positivo
velho fez slc esse juiz,Positivo
o jogo meu deus genio pqp,Negativo
oo tecnicoo cara,Positivo
horrivel amador nada monstro velho,Negativo
entregou genio,Negativo
ruim lixo,Negativo
lindoo a diretoria oo jogoo fez,Positivo
velho slc,Positivo
a zaga craque hj,Positivo
horrivel nada bagre horrivel,Negativo
meu deus pessimo o time,Positivo
monstro tudo monstro gigante lixo,Positivo
gigante mds o tecnico brabo o goleiro...,Positivo
amador pipocou fez,Negativo
hoje braboo esse juiz tudoo hoje slc,Positivo
meu deus monstro monstro tudo,Positivo
meu deus bagre,Positivo
hoje horrivel bagre,Negativo
esse juiz tudo,Positivo
o jogo o tecnico ne ruim,Positivo
tava o jogo o ataque ruim o ataque,Positivo
amassou vergonha lixo hj,Negativo
ruim oo tecnicoo podre oo ataque,Negativo
meu deus pqp,Negativo
brabo esse cara lindo podre a zaga,Positivo
pessimo o tecnico o goleiro ruim velho,Negativo
aula assim a diretoria velho!!!,Negativo
jogou mt entregou tava esse juiz podre kkkk,Negativo
nada amador ne,Positivo
entregou tudo pqp mds o tecnico...,Negativo
amador o ataque cara pessimo voando,Positivo
jogou mt oo time oo tecnicoo oo jogoo braboo oo goleiro,Positivo
meu deus o ataque o jogo assim,Positivo
genio meu deus o tecnico,Negativo
o ataque amador podre mano nada,Negativo
pipocou oo goleiroo oo time,Negativo
velho a diretoria fez podre rs,Negativo
meu deus hj kkkk,Positivo
jogou mt o ataque amassou a zaga,Positivo
velho pessimo,Negativo
esse juiz o tecnico meu deus tudo,Negativo
pqp o time tava,Negativo
amador assim a diretoria meu deus hj,Negativo
cara hj entregou esse juiz,Positivo
tudo meu deus a diretoria meu deus a diretoria,Negativo
tava meu deus amador lindo tava esse juiz,Positivo
o tecnico o time meu deus hj,Negativo
o goleiro jogou mt o tecnico cara hj...,Positivo
assim oo time craque fez monstroo entregou,Positivo
vergonha o jogo,Negativo
fez pessimo,Negativo
vergonha meu deus rs,Negativo
bagre monstro entregou hj amador,Negativo
gigante slc,Positivo
o goleiro a zaga meu deus o ataque fez,Positivo
gigante mds pqp hj,Negativo
meu deus gigante a diretoria,Positivo
fez o time...,Positivo
hj gigante lixo o tecnico,Positivo
o jogo o ataque voando o tecnico entregou!!!,Negativo
ne nada hoje bagre,Negativo
assim ruim hj bagre hj,Negativo
voando hoje lindo gigante craque mds,Positivo
tudo a diretoria brabo,Positivo
o ataque o jogo,Positivo
tudo hj tava,Positivo
mds o ataque ne amassou podre...,Negativo
ruim pessimoo lixoo bagre,Negativo
o ataque pipocou,Positivo
hj brabo ??,Negativo
aula o goleiro gigante meu deus o tecnico hoje,Positivo
a zaga a zaga tava bagre pessimo,Positivo
horrivel mds entregou brabo pqp meu deus,Positivo
pessimo podre pipocou esse cara,Negativo
aula esse juiz a diretoria esse juiz vergonha,Negativo
gigante brabo!!!,Positivo
tava cara mano mds ??,Negativo
bagre voando tava amassou bagre ruim,Positivo
mds lixo o time o tecnico esse cara rs,Negativo
o goleiro slc voando lindo aula,Positivo
podre craque!!!,Negativo
horrivel lixoo ruim,Negativo
hj cara monstro tava cara,Positivo
vergonha jogou mt horrivel tava,Negativo
aula pipocou a zaga brabo,Positivo
vergonha podre a zaga o jogo mds o time,Negativo
esse juiz o jogo,Positivo
gigante bagre,Positivo
bagre tava meu deus o goleiro hoje o ataque,Positivo
oo time hj!!!,Positivo
meu deus esse juiz o tecnico,Positivo
amassou meu deus,Positivo
o jogo esse cara,Negativo
ne a diretoria,Positivo
esse juiz a diretoria o tecnico,Negativo
tava meu deus velho o goleiro,Negativo
o tecnico amador o ataque velho assim,Negativo
o tecnico craque,Negativo
entregou meu deus nada,Negativo
voando o ataque pqp,Positivo
tudo craque meu deus a diretoria pqp lindo,Positivo
nada a diretoria lindo,Negativo
o ataque pqp gigante amassou tava,Positivo
o tecnico craque a zaga ne a zaga,Positivo
pipocou o tecnico fez jogou mt entregou ruim,Negativo
amassou amador o jogo,Negativo
meu deus tava,Positivo
esse juiz esse cara meu deus nada esse cara,Positivo
o goleiro a zaga,Positivo
o time jogou mt o jogo brabo,Positivo
voando jogou mt...,Positivo
slc gigante craque,Positivo
mano a zaga o goleiro lindo,Positivo
esse cara podre slc,Positivo
mano esse juiz bagre hj brabo pipocou!!!,Positivo
meu deus esse juiz craque esse juiz gigante,Positivo
o goleiro o tecnico slc,Negativo
esse juiz esse cara a diretoria hoje pipocou velho,Negativo
lindo pessimo voando o jogo pessimo hj,Negativo
vergonha pqp amassou a diretoria o tecnico,Negativo
fez a diretoria meu deus o time ??,Negativo
hj lixo mano,Negativo
slc hj o tecnico genio meu deus,Positivo
bagre esse juiz ruim voando o tecnico!!!,Negativo
amador horrivel ne esse cara,Positivo
hj amador esse juiz bagre bagre,Negativo
nada jogou mt slc,Negativo
entregou fez a zaga gigante esse juiz vergonha,Positivo
amassou esse cara tava bagre,Positivo
tudoo bagre voando ??,Negativo
bagre podre,Negativo
amassou monstroo craque,Positivo
o tecnico o time horrivel,Negativo
horrivel esse cara ??,Negativo
o ataque craque podre pessimo,Negativo
hoje lindoo tudo,Positivo
o jogo o ataque monstro aula o tecnico craque,Positivo
amassou craque!!!,Positivo
a zaga hj mds gigante,Positivo
o jogo amassou,Positivo
genio hoje,Positivo
pessimo esse cara hoje o ataque o ataque,Negativo
gigante amador slc,Positivo
esse juiz o jogo lindo amador slc,Positivo
esse juiz tava gigante,Positivo
vergonha o tecnico a diretoria,Negativo
amassou entregou o time brabo o tecnico entregou,Negativo
horrivel nada vergonha slc gigante tava ??,Negativo
hoje tava,Positivo
mds oo tecnicoo pipocou esse cara velho rs,Negativo
vergonha meu deus tudo o goleiro,Negativo
voando o jogo,Negativo
mano o ataque ne kkkk,Positivo
cara slc esse juiz a diretoria bagre cara!!!,Negativo
a diretoria fez vergonha o time pqp,Negativo
a diretoria pqp tudo,Positivo
entregou ne gigante bagre a zaga!!!,Negativo
tava a zaga nada pipocou amador genio,Negativo
hj esse cara jogou mt tudo jogou mt,Positivo
bagre amassou,Negativo
mds vergonha assim nada,Negativo
esse cara a diretoria a diretoria gigante,Positivo
a diretoria lindo meu deus,Positivo
lixo craque esse cara gigante tava,Positivo
o time aula assim,Positivo
amassou ne esse cara amassou genio pessimo,Positivo
amador tava lixo nada,Negativo
esse juiz monstroo meu deus mds gigante,Positivo
pessimo monstro genio,Negativo
brabo hj fez esse cara o ataque,Positivo
fez assim fez o jogo,Positivo
entregou bagre podre o goleiro amador kkkk,Negativo
pipocou o ataque esse juiz horrivel,Negativo
brabo ruim a diretoria esse juiz esse juiz,Negativo
voando vergonha entregou fez,Negativo
lixo meu deus rs,Negativo
a zaga hoje ne hoje o ataque,Negativo
assim oo time cara pqp aula meu deus,Positivo
entregou hoje o tecnico lixo,Negativo
genio o goleiro entregou cara nada o time,Negativo
brabo bagre gigante brabo meu deus,Positivo
esse juiz cara assim mano esse cara,Negativo
o tecnico aula meu deus gigante o jogo pipocou,Positivo
amassou pqp mds craque nada gigante,Positivo
craque a zaga gigante,Positivo
voando assim voando,Positivo
o jogo aula esse cara,Positivo
pessimoo meu deus hj oo ataque jogou mt oo time,Negativo
bagre mano velho pqp pqp o jogo,Negativo
oo time oo tecnico!!!,Positivo
voando o tecnico hoje a zaga mano amassou...,Negativo
tava tava oo jogoo amassou,Positivo
amador ruim a diretoria meu deus...,Positivo
craque gigante tava nada,Positivo
tava craque craque mds,Positivo
amador a diretoria jogou mt hj pessimo rs,Negativo
o time bagre o ataque vergonha o time ne ??,Negativo
velho hoje a diretoria pessimo aula,Positivo
hoje horrivel,Negativo
pessimoo a diretoria a zaga pqp,Positivo
a diretoria monstro,Positivo
o time meu deus tava lindo,Negativo
meu deus hoje voando esse juiz,Negativo
assim velho meu deus mds,Negativo
hoje esse juiz craque o ataque horrivel,Positivo
amassou monstro amador monstro a zaga meu deus,Negativo
lixo craque o tecnico nada a zaga amassou,Negativo
lindo a diretoria amassou,Positivo
horrivel fez esse cara lixo,Negativo
hoje o jogo brabo pqp,Positivo
craque oo tecnicoo fez craque ruim,Positivo
amassou brabo,Positivo
velho hj,Negativo
esse cara mano o tecnico a diretoria,Negativo
mano monstro aula esse cara,Positivo
gigante aula pqp cara ??,Positivo
o time a zaga esse cara,Negativo
hj pqp hoje ne,Positivo
aula podre brabo tudo hoje aula,Positivo
esse cara o ataque,Negativo
amador meu deus meu deus esse cara,Negativo
podre hoje,Negativo
tava esse juiz monstro aula amador,Positivo
mano meu deus entregou jogou mt pqp,Negativo
hj gigante o jogo mds,Positivo
vergonha amador mds amassou o goleiro amador,Negativo
a diretoria pessimoo assim,Positivo
genio bagre,Positivo
esse juiz gigante aula ne,Positivo
esse juiz pipocou amador hj bagre o tecnico,Negativo
a zaga amassou esse juiz meu deus lindo,Positivo
pipocou entregou,Negativo
slc mano voando hoje genio assim,Positivo
velho brabo o jogo a zaga mds,Positivo
mds ruim tudo ruim,Negativo
o goleiro esse juiz o jogo pqp...,Negativo
esse cara bagre bagre ne,Negativo
genio voando voando monstro jogou mt genio!!!,Positivo
amador mds,Positivo
o time a diretoria o tecnico assim pqp,Positivo
jogou mt lixo slc,Positivo
esse cara o goleiro hoje,Negativo
nada brabo,Positivo
tudo o tecnico brabo slc,Positivo
genio meu deus,Positivo
meu deus o goleiro amassou,Negativo
a diretoria meu deus genio genio ??,Positivo
voando o ataque gigante,Positivo
hj gigante o jogo,Negativo
pqp mano gigante velho aula vergonha,Positivo
o goleiro o jogo velho vergonha bagre,Negativo
pessimo lixo pessimo podre o time,Negativo
a zaga cara,Positivo
tava mano slc vergonha bagre,Negativo
podre tava pessimo o goleiro o time ruim,Negativo
velho o time slc lindo nada aula,Positivo
entregou podre brabo mds mano pipocou,Negativo
monstro brabo craque pessimo hoje,Positivo
craque mds a zaga,Positivo
hj esse cara o tecnico,Negativo
esse cara meu deus slc craque cara,Negativo
oo ataque cara assim lindoo pipocou,Negativo
aula oo goleiroo aula,Positivo
esse juiz manoo hoje oo ataque bagre entregou,Negativo
assim a zaga lindo,Positivo
podre mano bagre!!!,Positivo
o jogo lindo slc voando,Positivo
brabo cara o goleiro vergonha craque,Positivo
mano meu deus horrivel assim o jogo,Negativo
tudo fez,Positivo
craque o ataque genio lixo esse juiz esse cara,Positivo
mano esse juiz o jogo jogou mt,Positivo
brabo aula vergonha podre,Positivo
amassou velho nada meu deus,Positivo
slc lindo nada mano gigante a diretoria,Negativo
voando jogou mt,Negativo
tava lixo o tecnico,Positivo
genio a zaga monstro esse cara entregou assim,Negativo
o goleiro lindo o time a zaga,Negativo
gigante meu deus assim podre jogou mt esse cara,Positivo
meu deus esse juiz brabo esse juiz,Negativo
genio pqp slc,Positivo
tudo a zaga pqp meu deus amador,Negativo
o tecnico amador a diretoria a zaga o time,Negativo
craque hj vergonha,Positivo
tudoo monstroo podre cara,Negativo
horrivel esse cara meu deus rs,Negativo
entregou pessimo meu deus mano!!!,Negativo
monstro amador cara,Positivo
o goleiro lindo nada esse cara o jogo nada!!!,Positivo
amassou esse cara assim gigante,Positivo
genio hj tava nada tava velho,Positivo
a zaga genio,Positivo
podre vergonha hj o goleiro meu deus,Negativo
ruim hoje,Positivo
brabo amador brabo cara,Negativo
esse cara tava a zaga lindo craque meu deus,Positivo
esse juiz velho ruim pqp amassou slc,Positivo
gigante tudo meu deus monstro,Positivo
brabo fez velho velho,Positivo
meu deus oo jogo,Negativo
entregou bagre pipocou,Negativo
pqp lindo horrivel velho amassou ??,Negativo
oo jogoo meu deus aula jogou mt oo goleiro,Positivo
cara genio o goleiro aula lindo o jogo,Positivo
fez craque fez tudo o ataque velho,Positivo
pqp amador cara meu deus mano monstro,Negativo
slc esse cara kkkk,Positivo
hoje horrivel hj,Negativo
a diretoria amador meu deus,Positivo
o tecnico ruim o time,Negativo
meu deus cara nada lixo tava horrivel,Negativo
fez ne fez oo ataque lixo ??,Negativo
o jogo o ataque slc podre,Negativo
monstro amador,Positivo
o tecnico a diretoria esse cara ne tudo amassou,Positivo
aula monstro ne gigante,Positivo
o goleiro tudo,Negativo
meu deus braboo oo jogoo voandoo mds,Positivo
nada a diretoria nada tava esse cara,Negativo
mds pqp nada o tecnico voando a diretoria,Positivo
jogou mt cara lindo jogou mt,Positivo
esse juiz assim,Negativo
meu deus gigante a zaga o jogo,Positivo
mds pipocou,Positivo
oo jogoo meu deus amador fez,Negativo
slc aula genio amador o goleiro,Positivo
a diretoria oo goleiro,Positivo
a diretoria tudo tudo tava cara craque,Positivo
velho hj esse juiz meu deus monstro brabo,Positivo
ne monstro pqp esse juiz monstro,Positivo
gigante velho mds,Positivo
craque ruim,Negativo
hj esse juiz esse juiz lindo ??,Positivo
cara meu deus bagre mds o ataque,Negativo
brabo tava meu deus fez craque amassou ??,Positivo
ne a zaga hoje,Negativo
aula cara o time lindo,Negativo
ruim nada esse cara,Negativo
cara tava pipocou voando slc o ataque,Negativo
pipocou a diretoria pipocou,Negativo
pessimoo hj assim craque pqp podre,Negativo
voando a zaga craque,Positivo
o jogo brabo horrivel...,Negativo
o jogo o tecnico a zaga,Positivo
podre jogou mt hoje genio o ataque,Positivo
meu deus hj mano cara hj,Positivo
monstro esse cara horrivel o ataque rs,Positivo
esse juiz bagre mano genio amador o jogo...,Negativo
o tecnico tudo tudo aula brabo hj,Positivo
esse juiz o time jogou mt,Positivo
esse juiz pessimo o goleiro pipocou kkkk,Negativo
craque tudo,Positivo
hj ruim,Negativo
manoo gigante hj,Negativo
a diretoria oo ataque gigante,Positivo
hj lindo voando mano o tecnico amador,Positivo
amassou tudo brabo o tecnico,Positivo
oo tecnicoo aula,Negativo
podre tudo o ataque,Negativo
a diretoria amador a diretoria a diretoria pipocou,Negativo
jogou mt hj hoje ruim,Negativo
craque tudo o ataque bagre,Positivo
horrivel o tecnico o goleiro,Negativo
esse juiz pqp assim ruim a zaga bagre rs,Positivo
o jogo gigante,Positivo
ruim aula hj pqp podre,Negativo
monstro o jogo a zaga amassou,Positivo
hoje o tecnico,Negativo
cara o time a zaga o jogo,Negativo
bagre amassou pipocou voando,Negativo
o ataque hj a zaga amassou esse cara a zaga,Positivo
o time a zaga vergonha monstro amador kkkk,Negativo
ruim oo jogoo pipocou aula velho rs,Positivo
vergonha monstroo esse juiz lindoo a zaga slc,Positivo
fez velho brabo amassou tava o ataque rs,Positivo
assim slc nada,Negativo
o jogo lindo o tecnico ruim podre,Negativo
assim o tecnico,Negativo
aula gigante assim tava podre!!!,Negativo
horrivel horrivel gigante bagre,Negativo
lindo amassou monstro amassou,Positivo
voando ruim kkkk,Negativo
slc meu deus vergonha o ataque fez vergonha,Negativo
brabo amador amassou,Negativo
a zaga o ataque fez slc mano,Negativo
o ataque pqp o time mano,Positivo
bagre tudo bagre amassou,Negativo
o goleiro bagre,Negativo
a zaga a zaga o jogo amador o ataque assim,Positivo
esse cara podre vergonha,Negativo
o goleiro meu deus!!!,Positivo
horrivel nada slc monstro,Positivo
o goleiro o tecnico gigante,Positivo
gigante cara oo tecnicoo meu deus,Positivo
pipocou mds mds,Negativo
brabo craque amassou tava lixo o tecnico,Positivo
ne pqp ??,Positivo
mds o time esse juiz a zaga vergonha kkkk,Negativo
esse juiz cara voando,Negativo
tava pipocou,Negativo
amador o ataque tava o tecnico,Negativo
vergonha amassou pessimo a diretoria ??,Negativo
aula oo tecnicoo meu deus lixoo brabo,Positivo
hj lindo,Positivo
pipocou o goleiro,Negativo
oo goleiroo a diretoria tudoo amador esse juiz pessimo,Negativo
esse juiz amassou mano o goleiro brabo,Negativo
jogou mt oo jogoo esse juiz ruim,Positivo
bagre amassou assim lixo,Negativo
aula lindo o ataque assim meu deus,Positivo
lindo hoje nada entregou nada pqp,Positivo
monstro podre amassou brabo lindo,Positivo
pessimoo entregou,Negativo
o goleiro hoje,Negativo
fez tava voando slc!!!,Positivo
hoje mano esse juiz ne bagre rs,Positivo
lixo mano esse juiz voando,Negativo
vergonha a diretoria a diretoria fez esse juiz brabo rs,Negativo
a zaga genio vergonha,Positivo
amassou assim tava oo jogoo a zaga!!!,Positivo
voandoo oo jogoo tudoo oo tecnicoo ruim,Positivo
manoo lixoo slc meu deus oo jogoo a zaga,Negativo
esse cara genio nada voando pqp,Positivo
esse cara mds esse cara bagre lixo,Negativo
a diretoria cara esse cara slc cara a diretoria,Negativo
o time nada vergonha o tecnico o tecnico...,Negativo
o ataque vergonha o tecnico mano,Positivo
o ataque horrivel cara esse juiz,Negativo
lindo pqp craque o jogo mds,Positivo
voando hj,Positivo
hoje mds,Positivo
mds pqp nada meu deus oo jogoo meu deus,Positivo
o time cara jogou mt,Positivo
a diretoria horrivel meu deus brabo esse cara o jogo,Positivo
oo tecnicoo velhoo a zaga podre a zaga pqp,Negativo
podre jogou mt,Positivo
esse cara velho,Positivo
o jogo entregou o ataque horrivel esse cara a zaga,Negativo
a zaga ruim jogou mt,Negativo
mds a zaga pessimoo tudoo lixoo ruim kkkk,Negativo
bagre lindo,Positivo
hj podre a zaga,Negativo
amassou gigante hoje!!!,Positivo
a diretoria esse juiz tudoo ruim amassou mano,Negativo
entregou o jogo aula,Negativo
cara a diretoria jogou mt o time,Negativo
mano velho cara brabo...,Negativo
entregou aula assim fez ruim tava...,Negativo
slc craque fez o ataque assim,Positivo
hj a zaga horrivel a zaga o time pessimo,Negativo
ne a diretoria o ataque o jogo,Negativo
meu deus velhoo oo ataque,Positivo
meu deus meu deus oo goleiro,Positivo
o ataque monstro slc nada horrivel,Positivo
lindo meu deus monstro velho,Positivo
pessimoo entregou oo tecnico,Negativo
genioo tudoo podre a diretoria oo time,Positivo
esse juiz aula o time a zaga lixo,Positivo
esse juiz mds ne amassou brabo,Positivo
meu deus genio ??,Positivo
nada pqp o jogo bagre amador,Negativo
voandoo horrivel,Positivo
bagre cara tava,Negativo
vergonha hj o ataque pipocou,Negativo
brabo mano amador o jogo,Negativo
o ataque esse cara assim pqp craque hoje,Positivo
pessimo a diretoria jogou mt,Positivo
cara a diretoria lindo,Negativo
gigante brabo hoje jogou mt gigante brabo,Positivo
amador hj amador,Negativo
o jogo monstro,Negativo
manoo horrivel,Negativo
esse juiz voando fez a diretoria o ataque o ataque rs,Positivo
hoje meu deus pipocou,Negativo
a zaga lindo bagre rs,Negativo
esse juiz velhoo podre hoje podre mano,Negativo
esse cara horrivel esse cara o time fez vergonha,Negativo
o time esse juiz lixo gigante podre jogou mt,Negativo
pqp tava,Positivo
esse cara o tecnico,Positivo
jogou mt jogou mt o goleiro gigante,Positivo
vergonha genio o goleiro meu deus o tecnico rs,Negativo
esse juiz ne o goleiro gigante o goleiro amador,Negativo
podre esse juiz pessimo o ataque,Positivo
ruim lixo entregou craque!!!,Negativo
hoje o time o ataque jogou mt horrivel,Positivo
slc esse juiz esse juiz oo time horrivel,Negativo
meu deus pipocou ruim vergonha ??,Negativo
vergonha tava kkkk,Positivo
hj cara pipocou pessimo assim,Negativo
aula jogou mt o tecnico tava entregou o tecnico kkkk,Positivo
entregou hj amassou amador fez craque,Positivo
meu deus esse cara bagre oo ataque a diretoria,Negativo
amador pqp hoje,Negativo
vergonha o goleiro amassou amador,Positivo
meu deus tava jogou mt aula ??,Positivo
entregou oo tecnicoo genioo oo jogoo lixo,Negativo
oo jogoo esse cara pessimo,Negativo
bagre o tecnico amassou a zaga monstro mds,Positivo
slc esse juiz nada a diretoria...,Positivo
a diretoria horrivel,Negativo
pessimo esse cara ruim cara monstro amador,Negativo
jogou mt ruim esse cara nada rs,Positivo
esse juiz lindo kkkk,Positivo
pessimo a zaga a diretoria a diretoria,Negativo
ne podre a diretoria o tecnico,Negativo
hoje monstro o ataque voando...,Positivo
lixo esse juiz o goleiro pessimo,Negativo
a zaga tava lixo,Positivo
jogou mt amassou oo goleiroo voandoo genioo a zaga...,Positivo
mano assim mds hj o ataque brabo!!!,Positivo
mano a zaga,Positivo
braboo hj,Negativo
esse juiz ne pqp amador,Negativo
ne hoje rs,Positivo
meu deus tudo amassou,Positivo
pqp oo ataque oo ataque amassou mds!!!,Negativo
tava amassou cara o goleiro hj o time,Positivo
esse cara nada genio!!!,Negativo
genio bagre amassou pipocou mds gigante,Negativo
amador pipocou pipocou,Negativo
a zaga esse cara o tecnico,Positivo
lixoo cara,Negativo
slc lixo hj!!!,Negativo
mano a diretoria horrivel velho esse cara,Positivo
a diretoria a diretoria,Negativo
a zaga o tecnico meu deus horrivel brabo,Negativo
vergonha esse cara mano,Negativo
velhoo craque esse juiz oo jogo!!!,Positivo
o ataque mano lindo tudo o ataque meu deus,Negativo
esse juiz assim craque aula,Positivo
amador o goleiro,Negativo
nada tava o tecnico vergonha esse cara lixo,Negativo
o goleiro meu deus a diretoria pessimo ne entregou,Positivo
ne hj a zaga gigante,Positivo
podre tava,Positivo
fez vergonha,Negativo
o jogo mds o goleiro jogou mt a diretoria fez rs,Positivo
lixoo esse cara ruim genioo oo ataque,Negativo
amassou hoje monstro craque amassou meu deus ??,Positivo
mds assim,Positivo
tava gigante a zaga monstro podre!!!,Positivo
voando craque jogou mt meu deus kkkk,Positivo
o jogo amador pipocou o ataque,Negativo
ne o goleiro,Negativo
esse cara tava amassou o tecnico cara rs,Positivo
mds meu deus,Negativo
bagre mds pessimo esse cara,Negativo
o goleiro craque amassou hj hj meu deus,Negativo
ne a zaga,Positivo
o ataque a zaga a zaga bagre,Positivo
pipocou aula hoje,Positivo
podre podre,Negativo
o tecnico nada fez o ataque,Negativo
entregou pessimo vergonha,Negativo
amador vergonha voando,Positivo
voando tava ruim mano o time hoje,Positivo
tudo horrivel vergonha lixo ruim,Negativo
esse juiz oo jogoo mds oo jogoo aula,Negativo
hoje podre cara lixo,Negativo
fez assim,Positivo
hoje mds a zaga pqp,Positivo
bagre esse juiz pipocou bagre podre,Negativo
meu deus hoje ne jogou mt voando kkkk,Positivo
mds vergonha assim!!!,Negativo
esse juiz pipocou fez amador hj,Positivo
podre a zaga o jogo podre a zaga esse cara kkkk,Negativo
hj a zaga lixoo tava esse juiz esse juiz,Negativo
aula voando jogou mt,Positivo
o goleiro hj o tecnico bagre amassou tava,Negativo
hj oo time aula!!!,Positivo
tudoo hoje oo jogoo craque,Positivo
o jogo o time meu deus aula o jogo fez,Positivo
lixo lixo,Negativo
jogou mt genioo oo time bagre,Positivo
lixo o tecnico genio o time o ataque!!!,Negativo
bagre esse juiz...,Negativo
tudoo oo jogoo pqp oo tecnicoo nada mds,Positivo
assim brabo kkkk,Negativo
o time ne,Positivo
cara hj brabo assim nada meu deus,Positivo
nada ruim,Negativo
ruim pessimoo pessimoo bagre,Negativo
aula a zaga amador horrivel kkkk,Positivo
gigante pipocou o goleiro podre tava,Positivo
genio tava meu deus cara monstro gigante,Positivo
oo tecnicoo cara amassou esse juiz fez,Negativo
esse cara nada,Negativo
mano esse juiz amassou esse juiz,Positivo
tudoo mds esse juiz esse juiz!!!,Positivo
amador hoje ne jogou mt fez fez,Positivo
tudo mano esse juiz gigante o jogo esse juiz,Negativo
lindo amador velho,Negativo
pqp fez o goleiro,Positivo
vergonha pipocou o time nada a zaga rs,Positivo
amador horrivel vergonha hj monstro...,Negativo
mano pipocou entregou o tecnico slc lixo,Negativo
amador a zaga o jogo pipocou,Negativo
cara fez meu deus,Negativo
aula o goleiro gigante nada rs,Positivo
o jogo amassou aula,Positivo
o tecnico o time aula velho a zaga mds,Negativo
o ataque amador meu deus bagre ruim...,Negativo
nada o jogo hj ne mds gigante,Negativo
tava craque bagre podre,Negativo
cara vergonha gigante rs,Negativo
hj fez assim oo time,Positivo
jogou mt assim nada tudo esse cara,Positivo
meu deus aula gigante o ataque meu deus kkkk,Positivo
ne meu deus hj esse cara pqp hj,Positivo
o goleiro o jogo,Positivo
brabo lixo o jogo lixo hj,Negativo
podre amador a diretoria voando,Negativo
fez o tecnico,Negativo
tudo velho amador amador horrivel a diretoria,Negativo
genioo tava mds lindoo oo jogo,Positivo
craque a zaga o ataque amassou tudo amador rs,Negativo
pipocou hoje nada podre pipocou o ataque,Negativo
esse cara pqp,Negativo
ruim o time hoje ruim ruim mds,Negativo
oo goleiroo pipocou oo jogoo manoo meu deus gigante,Positivo
o goleiro o tecnico velho rs,Negativo
o goleiro meu deus aula,Negativo
jogou mt o time o jogo o jogo ne,Positivo
tudo meu deus slc o ataque hj,Positivo
o ataque lindo mano amassou,Positivo
voando vergonha slc meu deus mano podre,Negativo
mds amassou,Positivo
velho craque cara o time monstro,Positivo
entregou pipocou esse cara podre mds,Negativo
ne nada nada a diretoria esse juiz entregou kkkk,Positivo
ruim oo jogoo bagre monstroo ruim a zaga,Negativo
bagre craque monstro!!!,Positivo
entregou a diretoria monstro,Negativo
nada assim,Positivo
aula o time o goleiro ruim mds ruim,Positivo
lixo amador lixo,Negativo
genio ne craque brabo brabo velho,Positivo
lixoo hj oo goleiroo velho,Negativo
lindo o goleiro esse cara meu deus,Positivo
o jogo pqp o ataque aula lindo fez,Positivo
mds pipocou amador pipocou bagre velho,Negativo
entregou fez esse cara aula o time,Negativo
mds slc amassou o ataque cara,Positivo
horrivel podre voandoo ruim,Positivo
bagre hj tudo vergonha o jogo,Negativo
hj bagre entregou o tecnico o jogo tudo,Negativo
vergonha monstro,Negativo
oo time meu deus amassou,Positivo
aula mds,Positivo
pipocou aula tava podre,Negativo
o time meu deus aula meu deus,Positivo
oo jogoo pipocou oo jogoo vergonha velho kkkk,Negativo
o goleiro esse cara meu deus lindo genio o tecnico rs,Positivo
o tecnico nada,Positivo
hj o time aula a zaga,Positivo
aula velho bagre lindo meu deus fez,Negativo
pqp aula,Negativo
ruim o goleiro horrivel lindo jogou mt,Positivo
o jogo hj pqp esse juiz esse cara,Negativo
genioo pipocou rs,Negativo
monstro pqp hoje,Negativo
o goleiro esse cara o jogo a diretoria cara,Negativo
mds hj craque esse juiz,Positivo
o ataque o tecnico slc a zaga,Negativo
a zaga craque monstro,Negativo
lindo genio hoje meu deus,Positivo
velho podre,Positivo
lixo slc,Positivo
mds amassou amassou,Positivo
tava o time,Negativo
oo tecnicoo jogou mt,Positivo
o time nada lindo ruim o jogo a diretoria...,Positivo
hj mds lindoo monstro,Positivo
brabo o goleiro o ataque,Positivo
pessimo gigante slc,Positivo
vergonha a diretoria meu deus tudo,Negativo
ne esse cara assim ruim,Negativo
bagre ruim o goleiro horrivel,Negativo
bagre meu deus,Negativo
voando o jogo hj o ataque tudo,Positivo
ne aula vergonha o goleiro!!!,Positivo
jogou mt lindo amador pessimo ruim,Negativo
amassou assim assim,Negativo
pipocou assim,Negativo
aula o ataque,Positivo
lixoo slc pessimoo hj meu deus oo tecnico,Negativo
esse juiz esse juiz entregou bagre pessimo,Negativo
esse cara pqp o jogo horrivel,Negativo
a zaga genioo voandoo esse cara pqp,Positivo
monstro ne fez o ataque hoje fez,Positivo
esse cara a zaga bagre lixo,Positivo
oo jogoo lindoo horrivel cara lindo ??,Positivo
pipocou o jogo,Negativo
o ataque tudo,Positivo
hj bagre ??,Positivo
ruim o ataque pessimo,Positivo
podre cara,Negativo
o tecnico esse cara pipocou entregou genio,Positivo
mds mds ??,Negativo
slc tava a zaga gigante assim,Negativo
manoo genio,Negativo
a zaga a zaga lindo slc o goleiro lindo,Positivo
o time nada a diretoria cara ruim pqp,Negativo
esse juiz esse juiz voando craque esse juiz hj,Negativo
monstroo oo jogo,Positivo
pipocou vergonha o tecnico a diretoria voando kkkk,Negativo
nada o time o tecnico slc,Positivo
hj o time pqp rs,Positivo
oo tecnicoo hj oo goleiro,Negativo
fez craque hoje fez entregou pessimo,Positivo
a zaga ne,Negativo
o ataque o tecnico pqp,Negativo
mds meu deus lindo brabo ne mds,Positivo
aula o jogo o time a diretoria velho mds,Negativo
velho o ataque o ataque,Negativo
vergonha esse cara esse juiz o jogo podre podre,Negativo
a zaga esse cara ruim oo tecnico,Negativo
lindo meu deus esse juiz a zaga kkkk,Positivo
pqp amador,Negativo
amassou hoje slc fez a diretoria mano,Negativo
ruim slc craque o tecnico,Negativo
nada genioo lixo,Positivo
oo time hj,Negativo
voandoo monstroo cara,Positivo
bagre meu deus o tecnico a zaga,Negativo
assim tudoo podre,Positivo
pqp mds velho aula amador amador,Negativo
esse juiz lindo!!!,Positivo
hj bagre pessimo,Negativo
hj esse cara ne voando,Positivo
o jogo podre amassou amador a zaga o time,Negativo
ne ruim esse cara!!!,Negativo
nada genio voando horrivel vergonha,Negativo
podre cara o time bagre jogou mt,Negativo
craque o goleiro brabo o ataque,Positivo
assim o goleiro o time meu deus horrivel,Negativo
mds fez gigante brabo,Negativo
entregou hj,Positivo
esse juiz esse cara amador velho rs,Negativo
cara o tecnico ne esse cara,Positivo
o time monstro,Positivo
pqp velho,Positivo
nada oo tecnicoo velhoo meu deus mds,Negativo
slc tava o ataque ruim,Negativo
bagre pqp nada lindo entregou a zaga,Negativo
pipocou o ataque lindo,Negativo
meu deus mds o time o time,Negativo
o ataque vergonha ne pipocou,Negativo
tudo brabo esse cara esse cara mano,Positivo
o ataque esse juiz ne ne,Positivo
o goleiro vergonha tudo,Negativo
o goleiro o ataque jogou mt jogou mt lindo,Positivo
fez o tecnico hoje nada rs,Negativo
jogou mt mano aula meu deus ne,Positivo
ne genio,Negativo
horrivel genio nada podre,Negativo
amassou fez o tecnico,Negativo
o time velho,Positivo
tava gigante a diretoria voando rs,Positivo
a diretoria amassou hj o ataque,Positivo
pessimoo amassou,Positivo
o time craque velho monstro monstro,Positivo
jogou mt a zaga,Positivo
monstroo oo time nada rs,Positivo
a zaga gigante bagre lindo!!!,Positivo
o goleiro aula voando a zaga,Positivo
o tecnico lixo...,Negativo
genioo jogou mt a zaga meu deus,Negativo
o time vergonha vergonha assim assim,Negativo
podre pessimo o jogo esse juiz pessimo kkkk,Negativo
pipocou genio tudo velho amador,Positivo
tudo voando meu deus hj velho,Positivo
pqp meu deus,Positivo
oo jogoo a zaga meu deus tudoo oo goleiro ??,Negativo
tava o goleiro a zaga,Positivo
ne o time aula ne bagre tudo,Negativo
slc jogou mt cara hoje,Positivo
amador lixo aula,Negativo
lixo pipocou o ataque assim lixo entregou,Negativo
oo tecnicoo mano kkkk,Negativo
pipocou o ataque,Negativo
esse juiz craque jogou mt tava aula amador,Positivo
lindo pqp...,Positivo
o time o goleiro vergonha bagre,Negativo
o time esse juiz meu deus jogou mt meu deus pqp,Positivo
nada slc esse juiz,Positivo
o goleiro ruim a zaga ruim amador pessimo ??,Negativo
brabo velho pessimo meu deus mds amassou,Positivo
podre voandoo podre lixo,Positivo
pipocou hj craque a diretoria voando slc rs,Positivo
braboo manoo ne lixoo a diretoria a diretoria,Positivo
meu deus ruim a zaga meu deus pqp,Negativo
cara lindo o jogo o time,Positivo
o goleiro pessimo velho ??,Negativo
a zaga o goleiro,Negativo
amassou a diretoria a zaga fez lindo horrivel,Positivo
brabo hj pipocou meu deus,Positivo
ruim a diretoria o goleiro o ataque pqp mds ??,Positivo
o jogo fez mds pessimo o goleiro o tecnico,Negativo
esse juiz horrivel lixoo genio,Positivo
tava o goleiro o goleiro o tecnico,Negativo
genio o ataque,Positivo
slc ruim a zaga o time esse cara amador kkkk,Positivo
fez lixo vergonha esse cara lindo,Negativo
esse juiz podre meu deus nada,Negativo
aula craque voando voando a diretoria craque,Positivo
o ataque o tecnico o tecnico o goleiro o jogo lindo,Positivo
o ataque meu deus esse juiz o time,Positivo
a diretoria a diretoria genioo oo tecnico,Positivo
tava jogou mt voandoo oo ataque,Positivo
gigante tudo a diretoria bagre amassou,Positivo
pessimo pqp horrivel,Negativo
pessimo fez tava pipocou,Positivo
bagre gigante podre pipocou oo time ??,Negativo
tudoo ne pipocou a diretoria,Negativo
nada hj mds amassou,Negativo
entregou amador entregou horrivel pessimo,Negativo
o time lindo,Positivo
amassou cara meu deus,Positivo
monstro craque a zaga o ataque pqp voando,Positivo
pqp jogou mt lindoo pipocou mds,Positivo
monstro o tecnico bagre horrivel assim o ataque ??,Negativo
pqp genio a diretoria voando,Positivo
aula lindo ne,Positivo
esse juiz meu deus a zaga bagre vergonha o goleiro,Negativo
a diretoria o time jogou mt jogou mt tava monstro,Positivo
podre amador aula o ataque o time,Negativo
o tecnico o tecnico amador esse cara mano amador,Negativo
cara a zaga,Positivo
esse cara a diretoria o goleiro jogou mt,Positivo
o goleiro lixo entregou vergonha fez,Negativo
fez o goleiro craque velho tava esse juiz,Positivo
fez oo ataque manoo esse juiz jogou mt oo tecnico,Positivo
velhoo assim voandoo oo jogoo horrivel,Negativo
esse cara entregou hoje!!!,Negativo
craque cara cara oo ataque jogou mt oo jogo,Positivo
entregou o tecnico cara tava lindo tava,Positivo
meu deus o tecnico,Positivo
vergonha mds horrivel,Negativo
o goleiro o jogo lixo o ataque,Positivo
slc esse juiz a diretoria tava esse juiz jogou mt,Positivo
a zaga a diretoria voando,Negativo
lixoo a diretoria mano...,Negativo
nada o ataque,Positivo
nada entregou pipocou craque o goleiro jogou mt,Positivo
tava tudo,Negativo
ne monstro o ataque,Positivo
o time o tecnico,Negativo
o goleiro pqp ??,Negativo
o tecnico meu deus cara,Positivo
pipocou amador o goleiro o time pipocou...,Negativo
velhoo horrivel,Negativo
tudo o ataque pessimo esse cara o ataque,Negativo
gigante amassou,Positivo
pqp meu deus voando craque a zaga gigante,Positivo
esse juiz slc o tecnico hj meu deus...,Positivo
amador oo jogoo hj ruim oo goleiroo entregou kkkk,Negativo
fez ruim assim esse juiz cara,Negativo
o tecnico ne,Positivo
tava pessimoo voandoo mds,Negativo
esse juiz oo jogoo esse juiz pipocou fez mds,Positivo
amassou monstro esse juiz hj mano meu deus,Positivo
voando podre mds,Negativo
hj a zaga cara meu deus a diretoria,Positivo
amassou hoje o ataque,Positivo
assim o ataque aula aula podre,Negativo
assim esse cara o jogo esse cara o time assim,Negativo
slc mds a diretoria,Positivo
o ataque meu deus esse juiz meu deus meu deus,Positivo
tudo monstro vergonha fez pipocou...,Positivo
brabo amassou esse cara,Positivo
assim podre jogou mt velhoo velhoo brabo rs,Positivo
esse cara oo goleiroo oo jogo,Negativo
slc ne o jogo ruim amador,Negativo
nada mano,Negativo
esse juiz a zaga meu deus,Negativo
velho gigante jogou mt hoje genio kkkk,Positivo
vergonha podre,Negativo
pessimo hoje mano podre,Positivo
o jogo a zaga meu deus esse juiz,Negativo
lixoo craque,Negativo
slc entregou podre pessimo nada pipocou,Negativo
tava a zaga tudo,Positivo
pessimo amassou,Positivo
velho mds,Negativo
lindo jogou mt meu deus lindo o jogo!!!,Positivo
tava cara a zaga pqp cara,Positivo
vergonha meu deus...,Positivo
slc brabo pqp,Positivo
craque tudo amassou o tecnico a diretoria,Positivo
o time fez ruim tudo o tecnico entregou rs,Negativo
ruim a zaga vergonha meu deus lixo,Negativo
vergonha amassou pessimo o goleiro horrivel brabo,Negativo
lindo fez podre o jogo o tecnico,Positivo
mds assim podre fez assim slc,Negativo
lindo assim assim amassou lindo a zaga,Positivo
gigante esse juiz entregou a diretoria a zaga,Positivo
entregou amassou oo goleiro,Negativo
bagre a diretoria,Negativo
aula a zaga o goleiro mano aula o goleiro,Positivo
craque tava o jogo velho bagre esse juiz,Negativo
tava esse cara aula esse juiz,Positivo
aula hj amassou pipocou meu deus,Positivo
horrivel horrivel horrivel gigante lixo o time,Negativo
a diretoria voandoo velhoo voandoo a diretoria brabo,Positivo
slc ruim nada,Negativo
podre o ataque mds esse juiz a diretoria o jogo,Negativo
nada lindo rs,Positivo
aula o tecnico genio mds esse cara o ataque,Positivo
horrivel o jogo,Negativo
pipocou horrivel jogou mt,Negativo
lixo velho,Positivo
monstro ne meu deus meu deus slc monstro,Positivo
velho a diretoria craque,Positivo
lindoo esse cara esse cara,Positivo
o tecnico a diretoria craque horrivel hj,Positivo
amassou pqp bagre o goleiro hj,Negativo
podre ne monstro,Positivo
hj o time mds tudo brabo lindo...,Positivo
lindo o ataque o jogo a diretoria vergonha,Negativo
horrivel tava...,Negativo
nada nada,Negativo
lixo pipocou entregou kkkk,Negativo
a zaga horrivel tava meu deus monstro,Positivo
hoje a diretoria mds esse juiz esse juiz...,Positivo
amador podre o goleiro nada!!!,Negativo
meu deus pessimo pessimo esse juiz pqp mds,Negativo
o tecnico mds craque jogou mt pqp,Negativo
ne hj genioo esse juiz monstro,Positivo
amassou cara fez,Negativo
pqp gigante o time tudo,Positivo
o ataque o tecnico nada kkkk,Negativo
o jogo genio o jogo...,Negativo
meu deus a diretoria vergonha o goleiro ne,Positivo
assim entregou nada,Negativo
tudo entregou vergonha o time o time cara,Negativo
genio o goleiro o jogo,Positivo
oo goleiroo nada manoo gigante oo goleiro,Positivo
lixo ne bagre bagre entregou,Negativo
hoje pqp a zaga lindoo pipocou lindo,Positivo
brabo bagre jogou mt esse juiz craque,Positivo
hj lindo a zaga o jogo,Negativo
velho o jogo fez cara o goleiro mano,Positivo
manoo craque oo jogoo bagre brabo,Positivo
manoo a zaga ne podre voandoo monstro kkkk,Positivo
oo tecnicoo vergonha hoje ??,Negativo
horrivel o goleiro a zaga esse juiz...,Negativo
horrivel tudoo lixo...,Negativo
a zaga velho nada jogou mt esse cara mano,Positivo
cara pessimo lixo o goleiro esse juiz,Negativo
slc o time meu deus,Positivo
cara voandoo amador lindoo a zaga cara,Positivo
amador assim ruim amassou,Negativo
gigante meu deus voando fez,Positivo
monstro o tecnico,Positivo
horrivel aula bagre tudoo horrivel,Negativo
o jogo jogou mt aula,Negativo
esse juiz fez esse cara,Positivo
nada pqp tava oo time,Negativo
genio brabo assim o time,Positivo
o tecnico jogou mt velho a diretoria podre,Negativo
lixo bagre rs,Negativo
aula vergonha ne...,Positivo
vergonha pipocou,Negativo
meu deus pessimo lindo,Negativo
pessimo velho fez esse juiz,Negativo
pqp amassou kkkk,Positivo
genio aula,Positivo
slc oo tecnicoo mds meu deus,Negativo
hj pqp,Positivo
lixo pipocou tava...,Positivo
esse juiz a diretoria vergonha voando velho monstro,Negativo
a zaga a diretoria,Positivo
craque meu deus,Positivo
horrivel craque assim pqp tudo kkkk,Negativo
horrivel lindoo oo goleiroo velhoo pessimoo a zaga,Negativo
o jogo monstro hj,Positivo
mds o tecnico voando pqp vergonha mds ??,Positivo
vergonha hj a zaga hj assim,Negativo
oo tecnicoo oo jogoo lindoo gigante craque rs,Positivo
amassou hj o tecnico,Positivo
mano assim o tecnico amador,Positivo
o ataque cara esse cara meu deus tudo o time,Positivo
pessimo aula craque pipocou genio craque,Positivo
ne aula pqp brabo aula,Positivo
esse cara genio fez,Positivo
lindo nada kkkk,Positivo
fez mano ne,Negativo
a diretoria pqp entregou entregou meu deus rs,Negativo
podre fez slc pessimoo vergonha,Negativo
esse juiz o jogo a diretoria hj a diretoria o ataque,Negativo
o ataque tudo o jogo aula,Negativo
pqp craque,Positivo
ne oo jogoo meu deus esse cara bagre,Negativo
assim o tecnico jogou mt tava kkkk,Positivo
o goleiro lindo a diretoria meu deus a zaga aula,Positivo
a zaga amador mano a diretoria,Negativo
tava meu deus a diretoria pessimo o goleiro podre,Positivo
gigante mds assim velho,Positivo
podre velho ruim,Negativo
tava slc a zaga meu deus cara,Positivo
tava o ataque,Positivo
craque o time lindo meu deus a diretoria o tecnico,Positivo
nada ne velho a zaga,Positivo
aula horrivel tudo monstro hj ??,Positivo
a zaga slc o ataque a diretoria esse juiz hj,Positivo
o ataque gigante cara,Positivo
ne velho,Negativo
velho horrivel bagre tava horrivel esse cara,Negativo
nada brabo genio amassou jogou mt voando,Positivo
ruim o time lixo nada mano,Positivo
velho bagre,Negativo
pipocou craque a zaga vergonha meu deus,Negativo
amassou o ataque fez o jogo,Positivo
aula esse cara amassou a zaga,Positivo
genioo hoje oo ataque craque,Positivo
hj pessimo fez amador velho,Negativo
pipocou lindoo pessimoo velhoo a diretoria entregou,Negativo
amador o goleiro o ataque,Negativo
ruim hj lixo tudo nada,Positivo
esse cara esse juiz lindo craque,Positivo
a zaga aula o tecnico o time...,Positivo
lindo voando mano bagre horrivel lixo,Negativo
tava amador assim a diretoria o jogo,Positivo
fez tudo cara velho monstro esse cara,Negativo
genio meu deus genio,Positivo
lixo aula assim hj ruim,Negativo
gigante o ataque,Negativo
hj amador velho,Negativo
o tecnico aula tava a zaga,Positivo
o jogo slc nada gigante entregou,Negativo
hj vergonha entregou,Negativo
meu deus amassou craque lindoo meu deus,Positivo
oo tecnicoo bagre hj horrivel assim,Negativo
monstro hj hoje o goleiro,Negativo
a diretoria podre tava vergonha meu deus slc,Negativo
o goleiro o goleiro,Negativo
hoje ruim o goleiro craque bagre ruim,Negativo
assim esse cara o time,Positivo
podre a diretoria pessimo,Negativo
hj hj nada tava,Negativo
mano vergonha,Positivo
lixo a diretoria o time vergonha craque,Positivo
entregou meu deus esse cara horrivel,Negativo
pqp tudo amador,Negativo
entregou slc!!!,Negativo
lixo esse juiz o goleiro o goleiro craque,Positivo
tudo velho slc podre a diretoria cara,Positivo
hoje aula horrivel meu deus o tecnico,Positivo
genio esse cara mds jogou mt esse juiz kkkk,Positivo
esse cara cara monstro ruim fez gigante,Positivo
o jogo hj a diretoria,Positivo
pqp craque craque,Positivo
aula lixo o ataque tudo o jogo tudo,Negativo
amassou mano a diretoria aula,Positivo
o goleiro a zaga gigante a zaga monstro,Positivo
o tecnico brabo mds,Positivo
amassou esse juiz manoo ne braboo tudo,Positivo
fez esse cara voando cara horrivel,Positivo
oo goleiroo esse cara!!!,Positivo
lindoo voando,Positivo
amassou lixo...,Negativo
o goleiro tudo aula bagre amador,Positivo
bagre jogou mt horrivel,Negativo
o ataque esse juiz,Positivo
esse juiz genio ruim kkkk,Positivo
velho podre amador esse juiz,Negativo
pessimoo ruim mds kkkk,Negativo
mano bagre o ataque slc,Negativo
esse cara tudo monstro a zaga,Positivo
o tecnico o time tava,Positivo
meu deus mds tava,Negativo
esse juiz slc kkkk,Negativo
aula tudo esse cara gigante o time mds,Positivo
a diretoria pipocou genio,Negativo
o goleiro pipocou amador entregou meu deus,Negativo
hoje voando fez kkkk,Positivo
o goleiro esse juiz nada brabo slc kkkk,Positivo
o jogo amador amassou assim lixo!!!,Negativo
hoje oo time!!!,Negativo
podre amador lindo o time a zaga,Positivo
o tecnico o goleiro slc a diretoria genio,Positivo
hj a zaga monstro,Negativo
voandoo slc pipocou amassou lindo,Positivo
cara a zaga ruim meu deus,Negativo
braboo mds,Positivo
vergonha mano,Positivo
mano o goleiro hj a diretoria o time,Negativo
nada pessimoo lixo!!!,Negativo
o time mds brabo lixo,Negativo
voando gigante horrivel a diretoria aula bagre,Positivo
o goleiro o jogo a diretoria a diretoria ??,Negativo
fez amassou a diretoria esse juiz ruim,Positivo
nada aula o time assim,Positivo
amador o tecnico,Negativo
manoo horrivel cara esse juiz,Negativo
esse cara pessimo...,Negativo
monstro vergonha tudo,Negativo
a diretoria a diretoria o jogo slc o tecnico,Positivo
o ataque mano esse cara,Positivo
cara o tecnico gigante o tecnico slc pqp,Negativo
lixo o time lindo,Negativo
meu deus gigante,Positivo
vergonha braboo oo jogoo esse juiz amassou...,Positivo
craque oo goleiroo fez,Positivo
lindoo a zaga,Negativo
tudoo hj nada oo tecnicoo lindoo mds,Positivo
jogou mt oo time a zaga monstro,Positivo
mds o jogo slc ??,Negativo
tudo o time amassou esse juiz a zaga,Positivo
esse cara meu deus jogou mt aula,Positivo
lixoo oo ataque amador,Negativo
esse cara o jogo hj,Positivo
assim a diretoria pipocou jogou mt lixo monstro,Positivo
slc o goleiro hoje tudo o time,Negativo
oo time oo goleiroo oo goleiroo lindo kkkk,Negativo
horrivel nada cara hj meu deus velho,Negativo
velho ne brabo a diretoria hj,Negativo
o time brabo,Positivo
entregou pqp slc assim mds,Negativo
pipocou jogou mt,Negativo
hj vergonha slc slc kkkk,Positivo
bagre pipocou lixoo cara pessimoo lindo...,Positivo
gigante monstro aula fez,Positivo
lindo voando craque hj o tecnico,Positivo
pessimo slc,Negativo
amador oo ataque bagre tudoo ruim pessimo,Negativo
ne amador o goleiro esse cara brabo,Negativo
bagre nada esse cara pessimo,Negativo
podre assim esse cara pqp fez esse cara,Negativo
horrivel pessimo hj,Negativo
meu deus hoje craque,Negativo
esse cara jogou mt pessimo o ataque,Negativo
voandoo podre craque oo goleiroo voandoo a zaga,Negativo
aula genio aula o ataque lindo,Positivo
oo tecnicoo oo ataque tava,Positivo
lindo hoje,Positivo
monstro esse juiz jogou mt vergonha pessimo,Negativo
monstroo pessimoo podre,Positivo
entregou velhoo hoje,Negativo
ruim a zaga hj,Negativo
brabo esse cara genio lindo voando,Positivo
pipocou hoje entregou nada slc,Negativo
oo ataque genio,Positivo
a diretoria fez,Negativo
genio tudo o jogo cara a zaga,Positivo
lixo a zaga,Negativo
o time brabo fez entregou,Negativo
esse juiz mds bagre assim rs,Negativo
o goleiro mano,Positivo
pipocou o time amassou ??,Positivo
a diretoria esse juiz,Positivo
esse cara lindo monstro hj mano,Negativo
pessimoo pqp,Negativo
ruim esse cara podre hj velho,Negativo
jogou mt brabo ne assim jogou mt,Positivo
hj esse juiz lindoo oo tecnicoo aula kkkk,Positivo
jogou mt tudo,Negativo
slc a diretoria craque esse juiz,Positivo
o time jogou mt slc hoje craque...,Positivo
amador mds lixo,Negativo
fez braboo esse juiz oo ataque,Positivo
aula lixo podre tava,Negativo
slc oo time braboo pessimo,Positivo
genioo pipocou hoje manoo amador,Positivo
tava assim assim genioo pqp monstro ??,Positivo
tava craque pqp podre velho...,Positivo
gigante bagre genio o goleiro amassou,Positivo
gigante fez hoje!!!,Negativo
oo time cara ne amassou oo goleiroo tudo,Negativo
mds ruim o ataque mano o ataque,Negativo
a diretoria slc,Positivo
o tecnico monstro lindo meu deus o tecnico o ataque!!!,Positivo
esse juiz o ataque amador,Negativo
o time bagre lindo brabo monstro cara...,Positivo
voando a zaga voando voando meu deus ??,Negativo
oo goleiroo craque slc fez,Positivo
a zaga podre tava meu deus pipocou brabo,Negativo
mds bagre gigante o time a zaga craque,Negativo
hj jogou mt o goleiro o time podre,Positivo
aula a zaga podre ne hj o time,Negativo
tava gigante monstro aula,Positivo
vergonha lixo genio,Negativo
tava o tecnico o tecnico nada vergonha bagre,Negativo
hj entregou cara oo time ruim a zaga ??,Negativo
horrivel genioo amador lindoo esse juiz,Negativo
vergonha o time horrivel a zaga,Negativo
esse juiz esse cara,Negativo
cara hoje slc,Negativo
vergonha esse juiz a zaga rs,Negativo
monstroo amador,Negativo
jogou mt aula craque oo jogo kkkk,Positivo
oo jogoo pessimoo meu deus pipocou oo ataque tava,Negativo
vergonha entregou entregou,Negativo
bagre pqp meu deus podre monstro pipocou,Negativo
esse juiz bagre rs,Negativo
o jogo slc o time meu deus voando brabo,Positivo
o ataque pqp mano lindo ne,Negativo
brabo craque meu deus,Positivo
oo goleiroo slc,Negativo
oo ataque jogou mt oo jogo,Negativo
mds o ataque!!!,Negativo
amador oo jogoo ruim mds nada vergonha,Negativo
jogou mt esse juiz mano,Positivo
pipocou pipocou o tecnico o ataque,Negativo
vergonha tudo podre o goleiro a diretoria,Negativo
o tecnico horrivel o tecnico esse juiz entregou a diretoria...,Negativo
voando esse cara ??,Positivo
entregou velho velho horrivel,Positivo
mds tava voando o ataque a zaga amassou!!!,Positivo
o goleiro brabo,Positivo
hoje entregou nada monstro,Negativo
genio esse cara podre pqp entregou,Positivo
entregou vergonha ruim entregou o jogo a diretoria,Negativo
genioo pessimoo esse cara manoo oo tecnicoo amador ??,Positivo
mds ruim,Negativo
mds aula,Positivo
monstro o time o ataque ne jogou mt,Positivo
oo time a diretoria a diretoria mds...,Positivo
fez vergonha pqp genio fez meu deus,Negativo
mano lixo amador,Negativo
o goleiro nada podre velho tava pessimo rs,Positivo
monstroo esse juiz pqp a diretoria monstro,Positivo
pipocou esse cara lixo podre,Negativo
o time mano craque,Negativo
amador ne tava a diretoria assim,Negativo
jogou mt o time tava,Positivo
o ataque velho,Negativo
gigante meu deus bagre,Negativo
fez brabo monstro o time,Positivo
craque aula tudoo jogou mt slc,Positivo
hj hj fez ??,Positivo
fez podre craque meu deus...,Negativo
ne lindo slc a zaga lindo cara,Positivo
horrivel o jogo podre o tecnico,Positivo
pessimo ne esse juiz,Negativo
pessimo brabo o goleiro ne tava esse juiz,Positivo
genio assim voando a zaga ??,Positivo
vergonha oo goleiro rs,Negativo
bagre hj,Negativo
pqp o time o time lindo amador tudo,Negativo
hoje amador o goleiro,Negativo
entregou oo tecnicoo genioo braboo ne bagre,Negativo
velho o goleiro a diretoria hj cara o jogo,Negativo
hj velho pipocou hoje brabo,Negativo
a zaga velho esse cara,Negativo
monstroo oo ataque tava amassou meu deus oo time,Positivo
meu deus vergonha,Negativo
lindo pqp meu deus tava fez o ataque...,Positivo
ne amassou rs,Negativo
podre oo ataque nada oo ataque voando,Negativo
hoje pessimo mds,Positivo
o goleiro o tecnico hj podre o tecnico,Negativo
o time vergonha,Negativo
nada voando meu deus lindo o tecnico brabo,Positivo
tava lixo o time,Negativo
nada genio jogou mt ne o time tava,Positivo
cara oo ataque esse juiz pqp,Negativo
nada slc,Positivo
fez aula,Positivo
manoo gigante,Positivo
o tecnico aula ruim,Positivo
a zaga o time hj ??,Positivo
monstro slc...,Positivo
genio o time slc slc esse juiz esse cara,Positivo
nada oo jogo,Negativo
aula o ataque mano lixo mds,Negativo
a zaga mds horrivel velho brabo ??,Positivo
velho esse cara ne a zaga mano ??,Positivo
velho amador a diretoria craque,Positivo
hj amassou o time gigante ruim esse juiz,Positivo
esse juiz esse cara velho o goleiro o time velho,Negativo
esse cara o time hj,Positivo
esse cara oo jogoo craque fez,Negativo
nada jogou mt pessimo,Positivo
hj brabo o time,Negativo
o jogo slc o tecnico assim fez,Negativo
o ataque meu deus tudo jogou mt bagre,Negativo
amador o ataque meu deus a zaga fez,Negativo
vergonha genio esse juiz,Positivo
aula lindo,Positivo
tudoo braboo tudo,Positivo
o time tava,Negativo
tava ruim a diretoria o time hj ??,Negativo
brabo hj pqp esse cara monstro esse cara,Positivo
a zaga bagre velho ne nada esse cara...,Positivo
meu deus amador,Negativo
jogou mt lixo meu deus mds,Negativo
podre meu deus voando pessimo,Negativo
a diretoria bagre pessimo,Negativo
a zaga amassou tava o time,Positivo
amador brabo,Negativo
a zaga vergonha entregou,Negativo
podre assim,Negativo
a zaga hj entregou,Negativo
esse juiz fez pessimo nada amassou,Positivo
hj bagre fez!!!,Negativo
mano nada hoje o goleiro,Positivo
hj podre meu deus,Negativo
tudo genio nada,Positivo
brabo o ataque voando aula,Positivo
pqp esse juiz vergonha,Negativo
o ataque lixo,Positivo
aula fez,Negativo
hj esse cara craque a diretoria mds,Positivo
hoje brabo o time o jogo pqp genio,Negativo
tava jogou mt,Positivo
podre o jogo monstro kkkk,Positivo
o ataque o tecnico monstro,Positivo
lixo o ataque vergonha pqp entregou,Negativo
pessimo tava,Negativo
fez craque entregou lixo entregou velho,Negativo
esse cara o jogo amassou gigante podre a diretoria,Negativo
craque monstro o goleiro o tecnico,Positivo
craque o tecnico monstro assim a zaga,Positivo
monstro velho meu deus esse juiz voando slc,Positivo
tudo tava esse cara lindo lixo,Positivo
hoje monstro kkkk,Positivo
pipocou o jogo bagre,Negativo
esse juiz craque o tecnico esse cara,Positivo
amassou fez o time esse cara velho,Positivo
monstro voando pessimo brabo,Negativo
ruim meu deus gigante...,Negativo
tudo bagre aula meu deus,Negativo
bagre amador slc hj hoje,Positivo
o jogo o tecnico hoje entregou pessimo pqp,Negativo
a diretoria cara...,Positivo
fez jogou mt entregou tava gigante,Positivo
a zaga lixoo jogou mt,Negativo
horrivel amador o goleiro o tecnico,Negativo
mds hj jogou mt monstro monstro brabo ??,Positivo
velhoo braboo mds aula aula a diretoria,Positivo
oo ataque horrivel slc,Negativo
nada o time a diretoria gigante horrivel tava,Positivo
a zaga tudo pipocou o goleiro esse cara,Negativo
jogou mt nada ??,Positivo
o goleiro meu deus craque voando,Positivo
oo goleiroo oo goleiroo esse cara,Positivo
pqp voando craque mds lixo kkkk,Positivo
assim a diretoria cara o goleiro mano a zaga,Positivo
velho esse juiz mds a diretoria,Negativo
genio ne...,Positivo
hj meu deus tava!!!,Negativo
esse cara fez tudo slc o goleiro o ataque,Positivo
podre meu deus slc o jogo lindo,Positivo
ne craque cara oo jogo,Positivo
vergonha esse cara bagre...,Positivo
hoje hoje o tecnico,Positivo
assim cara genio ruim,Negativo
aula oo jogoo oo jogoo mds slc vergonha,Positivo
esse juiz amassou hoje lindoo gigante voando,Positivo
pqp vergonha bagre vergonha nada,Negativo
o jogo amador,Positivo
a diretoria ne o goleiro o ataque o tecnico pipocou,Negativo
podre craque jogou mt tava a diretoria,Positivo
monstro amassou lixo horrivel,Negativo
oo ataque oo tecnicoo bagre kkkk,Positivo
jogou mt a diretoria o goleiro jogou mt amassou meu deus,Positivo
esse juiz o ataque o goleiro vergonha voando ??,Positivo
lindoo cara,Positivo
amador fez entregou mds velho ??,Negativo
a zaga gigante nada esse cara tava,Positivo
amador mano meu deus o goleiro amassou,Positivo
a zaga pqp brabo hoje velho,Positivo
oo tecnicoo assim nada monstroo vergonha oo goleiro...,Negativo
podre amador meu deus brabo monstro rs,Positivo
o ataque tava,Negativo
a zaga o jogo,Negativo
lindo o ataque podre pessimo,Negativo
assim o tecnico slc craque entregou,Positivo
hoje pqp brabo craque,Positivo
ne pessimo,Negativo
ne bagre monstro assim,Positivo
amassou gigante meu deus o tecnico voando,Positivo
amador oo jogoo oo jogoo horrivel,Negativo
tava voando slc hj o goleiro genio kkkk,Positivo
jogou mt o ataque podre entregou o goleiro tudo,Positivo
esse cara horrivel,Negativo
o time velho monstro o goleiro aula esse cara,Positivo
o ataque amassou aula,Positivo
nada jogou mt o time ne,Positivo
a diretoria hoje a diretoria pipocou,Negativo
jogou mt pqp braboo monstro,Positivo
tudo o ataque o jogo kkkk,Positivo
a diretoria genio hj,Positivo
pipocou o jogo meu deus o tecnico ??,Positivo
o tecnico bagre craque,Positivo
gigante nada esse cara a zaga amador vergonha,Positivo
meu deus hj ??,Negativo
gigante esse juiz o goleiro,Negativo
horrivel assim horrivel,Negativo
o jogo fez hoje ruim meu deus pipocou kkkk,Negativo
hoje meu deus pessimo hoje pqp ??,Negativo
pqp brabo ??,Positivo
pqp vergonha lixo horrivel o goleiro,Negativo
tudo tava bagre cara hj lindo,Negativo
slc a zaga lindoo amador horrivel rs,Negativo
tava assim horrivel a diretoria esse juiz,Negativo
esse cara oo time kkkk,Negativo
ruim fez,Negativo
o ataque gigante hj pessimo o time,Negativo
oo tecnicoo oo goleiroo lindoo oo jogoo pqp oo time,Positivo
velhoo vergonha meu deus esse cara ??,Negativo
amassou esse cara hj a diretoria o time,Positivo
tava esse juiz cara a zaga o ataque ruim,Negativo
aula velho velho,Positivo
hoje voando esse juiz,Positivo
nada fez bagre a zaga pipocou,Negativo
o ataque a diretoria o jogo vergonha entregou,Negativo
o jogo ruim entregou ruim bagre,Positivo
amador pqp monstro,Negativo
ruim vergonha lixo fez,Negativo
assim velho,Positivo
horrivel genio esse cara mano rs,Negativo
vergonha velho mds o goleiro,Negativo
brabo a diretoria meu deus,Positivo
a diretoria lixo amassou craque esse cara,Negativo
a diretoria amassou,Negativo
ne o tecnico pipocou podre mds nada kkkk,Negativo
genio tava amassou monstro o time,Positivo
a zaga nada monstro meu deus aula esse cara!!!,Positivo
lindoo oo ataque jogou mt monstroo oo goleiro,Positivo
o tecnico pqp meu deus fez assim,Positivo
tudo amassou mds brabo o time esse juiz,Positivo
ne meu deus oo time,Positivo
o tecnico mano o time,Positivo
o tecnico a zaga pqp aula a diretoria amassou,Positivo
tudo bagre ne nada fez,Negativo
amassou o time genio ruim amassou,Positivo
o tecnico aula tudo o jogo mds,Positivo
o tecnico amassou horrivel kkkk,Negativo
o time aula ne!!!,Positivo
genio esse cara,Negativo
hoje monstro assim o tecnico voando tudo,Positivo
pessimo pessimo o jogo mds hj assim,Negativo
o time o ataque o tecnico gigante pqp hoje,Positivo
esse cara pessimo craque ne hj,Negativo
o tecnico velho hoje,Positivo
horrivel craque oo goleiroo craque kkkk,Positivo
velho o goleiro assim a zaga pipocou,Negativo
ruim mano tava,Negativo
esse cara pqp slc,Negativo
podre o tecnico,Negativo
monstro assim monstro o goleiro o tecnico,Positivo
oo jogoo fez ne oo time manoo a zaga,Negativo
cara oo time oo goleiroo esse juiz,Negativo
ruim pipocou hj vergonha podre meu deus,Negativo
genioo esse juiz braboo a zaga esse cara,Positivo
meu deus bagre aula meu deus!!!,Positivo
ruim o time kkkk,Negativo
monstro pqp vergonha tava,Negativo
brabo pessimo tudo,Positivo
a zaga lindo esse cara cara,Positivo
esse juiz tava genio nada esse juiz horrivel,Negativo
o ataque o time amassou gigante o tecnico,Positivo
a zaga meu deus o tecnico hj tava bagre rs,Negativo
bagre lixo monstro o jogo tudo a diretoria,Negativo
tudoo lindoo meu deus,Positivo
o time mano a diretoria o time,Negativo
esse juiz cara jogou mt ruim,Negativo
monstro voando brabo,Positivo
brabo esse juiz amassou jogou mt jogou mt,Positivo
a zaga oo ataque oo ataque slc,Positivo
a diretoria amassou fez velho lindo,Negativo
hj entregou bagre a zaga o time o time,Negativo
tava oo time,Negativo
tava tava oo jogoo a diretoria,Positivo
ne o tecnico mano meu deus ??,Negativo
voando entregou hoje pessimo pipocou podre,Negativo
bagre ne entregou a zaga,Negativo
entregou mano pqp a zaga o goleiro,Negativo
o tecnico meu deus brabo monstro rs,Positivo
a diretoria esse cara pessimo esse cara velho assim,Negativo
tava entregou craque kkkk,Negativo
mds meu deus kkkk,Negativo
ne aula,Positivo
entregou oo time!!!,Negativo
jogou mt pipocou nada esse juiz amassou ne...,Positivo
monstro tudo,Positivo
esse cara podre hoje esse cara!!!,Negativo
slc meu deus oo jogoo assim esse cara,Negativo
horrivel hoje,Negativo
o ataque meu deus tava ne,Positivo
o jogo amador hoje vergonha tava fez rs,Negativo
a zaga nada bagre horrivel,Negativo
horrivel o goleiro o goleiro pipocou vergonha,Negativo
o time ruim cara,Negativo
o ataque fez voando mano hj ne ??,Positivo
tudo a diretoria jogou mt mds o tecnico fez,Negativo
bagre cara amador pessimo nada nada,Negativo
aula gigante,Positivo
o ataque o ataque mds,Negativo
craque brabo,Positivo
horrivel esse juiz nada hoje tava fez,Negativo
a diretoria slc velho podre vergonha,Negativo
mds bagre monstro,Negativo
aula esse juiz ne,Negativo
amador o jogo o jogo o ataque tava craque kkkk,Positivo
entregou jogou mt esse cara...,Positivo
esse cara podre!!!,Positivo
o ataque meu deus entregou horrivel ne bagre,Negativo
amassou tudo a diretoria cara craque,Positivo
o tecnico ne ne craque o tecnico,Positivo
lindo mano nada o jogo,Negativo
amassou voando voando,Positivo
tava podre monstroo entregou hj oo goleiro ??,Positivo
slc esse cara,Positivo
voando o goleiro brabo brabo mano a diretoria kkkk,Positivo
esse juiz a diretoria brabo podre vergonha o jogo,Negativo
brabo o time fez o jogo,Positivo
gigante vergonha horrivel esse cara,Positivo
lixoo tudoo manoo pqp,Negativo
esse juiz voandoo amassou meu deus,Positivo
tava a zaga horrivel bagre bagre gigante,Negativo
pqp amassou amassou,Positivo
